movieId,title,title_without_year,release_year,genres,average_rating,rating_count,tag_count,top_tags,vibe_summary,movielens_url
318,"Shawshank Redemption, The (1994)","Shawshank Redemption, The",1994,Crime; Drama,4.43,317,4,morgan freeman; prison; stephen king; wrongful imprisonment,character-driven; tense,https://movielens.org/movies/318
858,"Godfather, The (1972)","Godfather, The",1972,Crime; Drama,4.29,192,1,mafia,character-driven; tense,https://movielens.org/movies/858
2959,Fight Club (1999),Fight Club,1999,Action; Crime; Drama; Thriller,4.27,218,54,dark comedy; psychology; thought-provoking; twist ending; violence; action; atmospheric; based on a book,character-driven; tense; mind-bending,https://movielens.org/movies/2959
750,Dr. Strangelove or: How I Learned to Stop Worrying and Love the Bomb (1964),Dr. Strangelove or: How I Learned to Stop Worrying and Love the Bomb,1964,Comedy; War,4.27,97,10,dark comedy; black comedy; atomic bomb; purity of essence; quirky; satire; slim pickens,funny; quirky,https://movielens.org/movies/750
1276,Cool Hand Luke (1967),Cool Hand Luke,1967,Drama,4.27,57,1,prison,character-driven,https://movielens.org/movies/1276
1221,"Godfather: Part II, The (1974)","Godfather: Part II, The",1974,Crime; Drama,4.26,129,3,mafia; al pacino,character-driven; tense,https://movielens.org/movies/1221
904,Rear Window (1954),Rear Window,1954,Mystery; Thriller,4.26,84,6,imdb top 250; james stewart; mystery; photographer; photography; voyeurism,tense,https://movielens.org/movies/904
1213,Goodfellas (1990),Goodfellas,1990,Crime; Drama,4.25,126,1,mafia,character-driven; tense,https://movielens.org/movies/1213
48516,"Departed, The (2006)","Departed, The",2006,Crime; Drama; Thriller,4.25,107,10,leonardo dicaprio; suspense; atmospheric; jack nicholson; martin scorsese; twist ending; undercover cop; way too long,character-driven; tense; mind-bending,https://movielens.org/movies/48516
50,"Usual Suspects, The (1995)","Usual Suspects, The",1995,Crime; Mystery; Thriller,4.24,204,6,heist; mindfuck; suspense; thriller; tricky; twist ending,tense; mind-bending,https://movielens.org/movies/50
58559,"Dark Knight, The (2008)","Dark Knight, The",2008,Action; Crime; Drama; IMAX,4.24,149,4,dark; gritty; psychology; superhero,character-driven; tense,https://movielens.org/movies/58559
912,Casablanca (1942),Casablanca,1942,Drama; Romance,4.24,100,1,start of a beautiful friendship,character-driven; romantic,https://movielens.org/movies/912
260,Star Wars: Episode IV - A New Hope (1977),Star Wars: Episode IV - A New Hope,1977,Action; Adventure; Sci-Fi,4.23,251,26,classic sci-fi; sci-fi; classic; epic; space action; star wars; action; darth vader,imaginative; well-regarded,https://movielens.org/movies/260
1197,"Princess Bride, The (1987)","Princess Bride, The",1987,Action; Adventure; Comedy; Fantasy; Romance,4.23,142,2,inigo montoya; six-fingered man,funny; romantic; fantastical,https://movielens.org/movies/1197
527,Schindler's List (1993),Schindler's List,1993,Drama; War,4.22,220,7,holocaust; based on a true story; biography; disturbing; moving; thought-provoking,character-driven,https://movielens.org/movies/527
1196,Star Wars: Episode V - The Empire Strikes Back (1980),Star Wars: Episode V - The Empire Strikes Back,1980,Action; Adventure; Sci-Fi,4.22,211,10,classic; george lucas; harrison ford; i am your father; music; original plot; sci-fi; sequel,imaginative; well-regarded,https://movielens.org/movies/1196
2329,American History X (1998),American History X,1998,Crime; Drama,4.22,129,5,edward norton; emotional; politics; racism; thought-provoking,character-driven; tense,https://movielens.org/movies/2329
1208,Apocalypse Now (1979),Apocalypse Now,1979,Action; Drama; War,4.22,107,1,vietnam,character-driven,https://movielens.org/movies/1208
1198,Raiders of the Lost Ark (Indiana Jones and the Raiders of the Lost Ark) (1981),Raiders of the Lost Ark (Indiana Jones and the Raiders of the Lost Ark),1981,Action; Adventure,4.21,200,8,archaeology; indiana jones; adventure; ark of the covenant; steven spielberg; treasure hunt,general audience,https://movielens.org/movies/1198
1252,Chinatown (1974),Chinatown,1974,Crime; Film-Noir; Mystery; Thriller,4.21,59,1,incest,tense,https://movielens.org/movies/1252
296,Pulp Fiction (1994),Pulp Fiction,1994,Comedy; Crime; Drama; Thriller,4.20,307,181,cult film; drugs; good dialogue; great soundtrack; hit men; non-linear; quentin tarantino; tarantino,funny; character-driven; tense,https://movielens.org/movies/296
1193,One Flew Over the Cuckoo's Nest (1975),One Flew Over the Cuckoo's Nest,1975,Drama,4.20,133,3,emotional; jack nicholson; mental illness,character-driven,https://movielens.org/movies/1193
1089,Reservoir Dogs (1992),Reservoir Dogs,1992,Crime; Mystery; Thriller,4.20,131,11,quentin tarantino; ensemble cast; heist; humorous; neo-noir; nonlinear; religion; stylized,tense,https://movielens.org/movies/1089
2571,"Matrix, The (1999)","Matrix, The",1999,Action; Sci-Fi; Thriller,4.19,278,5,alternate universe; martial arts; philosophy; post apocalyptic; sci-fi,tense; imaginative,https://movielens.org/movies/2571
4973,"Amelie (Fabuleux destin d'Amélie Poulain, Le) (2001)","Amelie (Fabuleux destin d'Amélie Poulain, Le)",2001,Comedy; Romance,4.18,120,1,whimsical,funny; romantic,https://movielens.org/movies/4973
1225,Amadeus (1984),Amadeus,1984,Drama,4.18,76,2,mozart; salieri,character-driven,https://movielens.org/movies/1225
1199,Brazil (1985),Brazil,1985,Fantasy; Sci-Fi,4.18,59,0,,imaginative; fantastical,https://movielens.org/movies/1199
908,North by Northwest (1959),North by Northwest,1959,Action; Adventure; Mystery; Romance; Thriller,4.18,57,3,alfred hitchcock; imdb top 250; mount rushmore,tense; romantic,https://movielens.org/movies/908
356,Forrest Gump (1994),Forrest Gump,1994,Comedy; Drama; Romance; War,4.16,329,9,bittersweet; bubba gump shrimp; emotional; heartwarming; lieutenant dan; shrimp; stupid is as stupid does; touching,funny; character-driven; romantic,https://movielens.org/movies/356
593,"Silence of the Lambs, The (1991)","Silence of the Lambs, The",1991,Crime; Horror; Thriller,4.16,279,6,disturbing; drama; gothic; hannibal lector; psychology; suspense,tense; dark,https://movielens.org/movies/593
1136,Monty Python and the Holy Grail (1975),Monty Python and the Holy Grail,1975,Adventure; Comedy; Fantasy,4.16,136,4,british comedy; england; king arthur; monty python,funny; fantastical,https://movielens.org/movies/1136
7361,Eternal Sunshine of the Spotless Mind (2004),Eternal Sunshine of the Spotless Mind,2004,Drama; Romance; Sci-Fi,4.16,131,34,jim carrey; memory; surreal; thought-provoking; alternate reality; arthouse; artistic; atmospheric,character-driven; romantic; imaginative,https://movielens.org/movies/7361
4011,Snatch (2000),Snatch,2000,Comedy; Crime; Thriller,4.16,93,0,,funny; tense,https://movielens.org/movies/4011
5618,Spirited Away (Sen to Chihiro no kamikakushi) (2001),Spirited Away (Sen to Chihiro no kamikakushi),2001,Adventure; Animation; Fantasy,4.16,87,1,anime,family-friendly; fantastical,https://movielens.org/movies/5618
2028,Saving Private Ryan (1998),Saving Private Ryan,1998,Action; Drama; War,4.15,188,1,world war ii,character-driven,https://movielens.org/movies/2028
3147,"Green Mile, The (1999)","Green Mile, The",1999,Crime; Drama,4.15,111,1,stephen king,character-driven; tense,https://movielens.org/movies/3147
2324,Life Is Beautiful (La Vita è bella) (1997),Life Is Beautiful (La Vita è bella),1997,Comedy; Drama; Romance; War,4.15,88,8,bittersweet; emotional; heartwarming; holocaust; poignant; sentimental; tear jerker; tearjerking,funny; character-driven; romantic,https://movielens.org/movies/2324
6016,City of God (Cidade de Deus) (2002),City of God (Cidade de Deus),2002,Action; Adventure; Crime; Drama; Thriller,4.15,75,6,crime; multiple storylines; not seen; photography; true story; violence,character-driven; tense,https://movielens.org/movies/6016
1201,"Good, the Bad and the Ugly, The (Buono, il brutto, il cattivo, Il) (1966)","Good, the Bad and the Ugly, The (Buono, il brutto, il cattivo, Il)",1966,Action; Adventure; Western,4.15,72,1,spaghetti western,general audience,https://movielens.org/movies/1201
1203,12 Angry Men (1957),12 Angry Men,1957,Drama,4.15,57,9,claustrophobic; confrontational; court; earnest; good dialogue; great screenplay; gritty; motivational,character-driven,https://movielens.org/movies/1203
1210,Star Wars: Episode VI - Return of the Jedi (1983),Star Wars: Episode VI - Return of the Jedi,1983,Action; Adventure; Sci-Fi,4.14,196,3,darth vader; luke skywalker; space opera,imaginative,https://movielens.org/movies/1210
68157,Inglourious Basterds (2009),Inglourious Basterds,2009,Action; Drama; War,4.14,88,5,black comedy; brad pitt; christoph waltz; quentin tarantino; satire,character-driven,https://movielens.org/movies/68157
7153,"Lord of the Rings: The Return of the King, The (2003)","Lord of the Rings: The Return of the King, The",2003,Action; Adventure; Drama; Fantasy,4.12,185,10,adventure; ensemble cast; fantasy; fantasy world; great soundtrack; lord of the rings; scenic; stylized,character-driven; fantastical,https://movielens.org/movies/7153
608,Fargo (1996),Fargo,1996,Comedy; Crime; Drama; Thriller,4.12,181,5,based on a true story; coen brothers; dark comedy; kidnapping; steve buscemi,funny; character-driven; tense,https://movielens.org/movies/608
4226,Memento (2000),Memento,2000,Mystery; Thriller,4.12,159,13,twist ending; mystery; backwards. memory; cerebral; dark; dreamlike; mindfuck; nonlinear,tense; mind-bending,https://movielens.org/movies/4226
1207,To Kill a Mockingbird (1962),To Kill a Mockingbird,1962,Drama,4.12,58,2,harper lee; racism,character-driven,https://movielens.org/movies/1207
4993,"Lord of the Rings: The Fellowship of the Ring, The (2001)","Lord of the Rings: The Fellowship of the Ring, The",2001,Adventure; Fantasy,4.11,198,7,fantasy; high fantasy; magic; mythology; tolkein; tolkien; wizards,fantastical,https://movielens.org/movies/4993
111,Taxi Driver (1976),Taxi Driver,1976,Crime; Drama; Thriller,4.11,104,1,assassination,character-driven; tense,https://movielens.org/movies/111
78499,Toy Story 3 (2010),Toy Story 3,2010,Adventure; Animation; Children; Comedy; Fantasy; IMAX,4.11,55,0,,funny; family-friendly; fantastical,https://movielens.org/movies/78499
541,Blade Runner (1982),Blade Runner,1982,Action; Sci-Fi; Thriller,4.10,124,13,atmospheric; androids; artificial intelligence; cyberpunk; dreamlike; existentialism; future; mindfuck,tense; imaginative; mind-bending,https://movielens.org/movies/541
1222,Full Metal Jacket (1987),Full Metal Jacket,1987,Drama; War,4.10,102,2,anti-war; vietnam,character-driven,https://movielens.org/movies/1222
2502,Office Space (1999),Office Space,1999,Comedy; Crime,4.09,94,2,stapler; workplace,funny; tense,https://movielens.org/movies/2502
1704,Good Will Hunting (1997),Good Will Hunting,1997,Drama; Romance,4.08,141,3,inspirational; heartwarming,character-driven; romantic,https://movielens.org/movies/1704
1258,"Shining, The (1980)","Shining, The",1980,Horror,4.08,109,9,atmospheric; disturbing; horror; jack nicholson; masterpiece; psychological; stanley kubrick; stephen king,dark,https://movielens.org/movies/1258
79132,Inception (2010),Inception,2010,Action; Crime; Drama; Mystery; Sci-Fi; Thriller; IMAX,4.07,143,26,thought-provoking; dreamlike; philosophy; visually appealing; action; alternate reality; big budget; cerebral,character-driven; tense; imaginative,https://movielens.org/movies/79132
2858,American Beauty (1999),American Beauty,1999,Drama; Romance,4.06,204,0,,character-driven; romantic,https://movielens.org/movies/2858
60069,WALL·E (2008),WALL·E,2008,Adventure; Animation; Children; Romance; Sci-Fi,4.06,104,4,last man on earth; love story; post apocalyptic; social commentary,romantic; family-friendly; imaginative,https://movielens.org/movies/60069
1617,L.A. Confidential (1997),L.A. Confidential,1997,Crime; Film-Noir; Mystery; Thriller,4.06,97,1,police,tense,https://movielens.org/movies/1617
1247,"Graduate, The (1967)","Graduate, The",1967,Comedy; Drama; Romance,4.06,79,1,simon and garfunkel,funny; character-driven; romantic,https://movielens.org/movies/1247
1291,Indiana Jones and the Last Crusade (1989),Indiana Jones and the Last Crusade,1989,Action; Adventure,4.05,140,2,archaeology; holy grail,general audience,https://movielens.org/movies/1291
2542,"Lock, Stock & Two Smoking Barrels (1998)","Lock, Stock & Two Smoking Barrels",1998,Comedy; Crime; Thriller,4.05,67,0,,funny; tense,https://movielens.org/movies/2542
112852,Guardians of the Galaxy (2014),Guardians of the Galaxy,2014,Action; Adventure; Sci-Fi,4.05,59,4,funny; great visuals; humorous; unlikely hero,imaginative,https://movielens.org/movies/112852
1270,Back to the Future (1985),Back to the Future,1985,Adventure; Comedy; Sci-Fi,4.04,171,1,time travel,funny; imaginative,https://movielens.org/movies/1270
778,Trainspotting (1996),Trainspotting,1996,Comedy; Crime; Drama,4.04,102,4,based on a book; dark comedy; drug abuse; narrated,funny; character-driven; tense,https://movielens.org/movies/778
1219,Psycho (1960),Psycho,1960,Crime; Horror,4.04,83,9,alfred hitchcock; black and white; imdb top 250; norman bates; psychology; remade; suspenseful; tense,tense; dark,https://movielens.org/movies/1219
923,Citizen Kane (1941),Citizen Kane,1941,Drama; Mystery,4.04,69,1,rosebud,character-driven,https://movielens.org/movies/923
81845,"King's Speech, The (2010)","King's Speech, The",2010,Drama,4.04,58,0,,character-driven,https://movielens.org/movies/81845
1148,Wallace & Gromit: The Wrong Trousers (1993),Wallace & Gromit: The Wrong Trousers,1993,Animation; Children; Comedy; Crime,4.04,56,1,aardman,funny; tense; family-friendly,https://movielens.org/movies/1148
1215,Army of Darkness (1993),Army of Darkness,1993,Action; Adventure; Comedy; Fantasy; Horror,4.04,51,0,,funny; fantastical; dark,https://movielens.org/movies/1215
110,Braveheart (1995),Braveheart,1995,Action; Drama; War,4.03,237,10,beautiful scenery; epic; historical; inspirational; medieval; mel gibson; oscar (best cinematography); revenge,character-driven; well-regarded,https://movielens.org/movies/110
6711,Lost in Translation (2003),Lost in Translation,2003,Comedy; Drama; Romance,4.03,74,2,atmospheric; japan,funny; character-driven; romantic,https://movielens.org/movies/6711
903,Vertigo (1958),Vertigo,1958,Drama; Mystery; Romance; Thriller,4.03,60,5,alfred hitchcock; atmospheric; falling; imdb top 250; james stewart,character-driven; tense; romantic,https://movielens.org/movies/903
953,It's a Wonderful Life (1946),It's a Wonderful Life,1946,Children; Drama; Fantasy; Romance,4.03,58,1,christmas,character-driven; romantic; family-friendly; fantastical,https://movielens.org/movies/953
5952,"Lord of the Rings: The Two Towers, The (2002)","Lord of the Rings: The Two Towers, The",2002,Adventure; Fantasy,4.02,188,2,myth; tolkein,fantastical,https://movielens.org/movies/5952
293,Léon: The Professional (a.k.a. The Professional) (Léon) (1994),Léon: The Professional (a.k.a. The Professional) (Léon),1994,Action; Crime; Drama; Thriller,4.02,133,35,assassin; hit men; jean reno; action; assassination; assassins; awkward romance; corruption,character-driven; tense,https://movielens.org/movies/293
74458,Shutter Island (2010),Shutter Island,2010,Drama; Mystery; Thriller,4.02,67,7,insanity; leonardo dicaprio; martin scorsese; plot twist; psychological; psychological thriller; thought-provoking,character-driven; tense; mind-bending,https://movielens.org/movies/74458
1288,This Is Spinal Tap (1984),This Is Spinal Tap,1984,Comedy,4.02,66,4,music; heavy metal; mockumentary,funny,https://movielens.org/movies/1288
116797,The Imitation Game (2014),The Imitation Game,2014,Drama; Thriller; War,4.02,50,2,inspirational; intelligent,character-driven; tense,https://movielens.org/movies/116797
1259,Stand by Me (1986),Stand by Me,1986,Adventure; Drama,4.01,91,1,stephen king,character-driven,https://movielens.org/movies/1259
1387,Jaws (1975),Jaws,1975,Action; Horror,4.01,91,1,shark,dark,https://movielens.org/movies/1387
48780,"Prestige, The (2006)","Prestige, The",2006,Drama; Mystery; Sci-Fi; Thriller,4.01,90,3,atmospheric; enigmatic; ummarti2006,character-driven; tense; imaginative,https://movielens.org/movies/48780
8874,Shaun of the Dead (2004),Shaun of the Dead,2004,Comedy; Horror,4.01,77,1,zombies,funny; dark,https://movielens.org/movies/8874
910,Some Like It Hot (1959),Some Like It Hot,1959,Comedy; Crime,4.01,50,1,men in drag,funny; tense,https://movielens.org/movies/910
4995,"Beautiful Mind, A (2001)","Beautiful Mind, A",2001,Drama; Romance,4.00,123,1,mathematics,character-driven; romantic,https://movielens.org/movies/4995
1206,"Clockwork Orange, A (1971)","Clockwork Orange, A",1971,Crime; Drama; Sci-Fi; Thriller,4.00,120,1,brainwashing,character-driven; tense; imaginative,https://movielens.org/movies/1206
68954,Up (2009),Up,2009,Adventure; Animation; Children; Drama,4.00,105,13,adventure; bechdel test:fail; bittersweet; cartoon; children; computer animation; divorce; dogs,character-driven; family-friendly,https://movielens.org/movies/68954
2692,Run Lola Run (Lola rennt) (1998),Run Lola Run (Lola rennt),1998,Action; Crime,4.00,75,1,alternate endings,tense,https://movielens.org/movies/2692
51255,Hot Fuzz (2007),Hot Fuzz,2007,Action; Comedy; Crime; Mystery,4.00,61,1,british comedy,funny; tense,https://movielens.org/movies/51255
457,"Fugitive, The (1993)","Fugitive, The",1993,Thriller,3.99,190,1,based on a tv show,tense,https://movielens.org/movies/457
91529,"Dark Knight Rises, The (2012)","Dark Knight Rises, The",2012,Action; Adventure; Crime; IMAX,3.99,76,8,anne hathaway; christian bale; christopher nolan; comic book; great ending; morgan freeman; political commentary; superhero,tense,https://movielens.org/movies/91529
109487,Interstellar (2014),Interstellar,2014,Sci-Fi; IMAX,3.99,73,10,sci-fi; time-travel; bad dialogue; black hole; christopher nolan; philosophical issues; thought-provoking; visually appealing,imaginative,https://movielens.org/movies/109487
1278,Young Frankenstein (1974),Young Frankenstein,1974,Comedy; Fantasy,3.99,69,1,spoof,funny; fantastical,https://movielens.org/movies/1278
1394,Raising Arizona (1987),Raising Arizona,1987,Comedy,3.99,58,1,coen brothers,funny,https://movielens.org/movies/1394
47,Seven (a.k.a. Se7en) (1995),Seven (a.k.a. Se7en),1995,Mystery; Thriller,3.98,203,3,mystery; serial killer; twist ending,tense; mind-bending,https://movielens.org/movies/47
32,Twelve Monkeys (a.k.a. 12 Monkeys) (1995),Twelve Monkeys (a.k.a. 12 Monkeys),1995,Mystery; Sci-Fi; Thriller,3.98,177,10,time travel; brad pitt; bruce willis; mindfuck; post apocalyptic; post-apocalyptic; remake; twist ending,tense; imaginative; mind-bending,https://movielens.org/movies/32
4878,Donnie Darko (2001),Donnie Darko,2001,Drama; Mystery; Sci-Fi; Thriller,3.98,109,29,dreamlike; hallucinatory; atmospheric; mental illness; psychological; surreal; thought-provoking; time travel,character-driven; tense; imaginative,https://movielens.org/movies/4878
1234,"Sting, The (1973)","Sting, The",1973,Comedy; Crime,3.98,64,1,the entertainer,funny; tense,https://movielens.org/movies/1234
1090,Platoon (1986),Platoon,1986,Drama; War,3.98,63,1,vietnam,character-driven,https://movielens.org/movies/1090
589,Terminator 2: Judgment Day (1991),Terminator 2: Judgment Day,1991,Action; Sci-Fi,3.97,224,8,apocalypse; arnold schwarzenegger; nuclear war; robots; sci-fi; scifi masterpiece; suspense; time travel,tense; imaginative,https://movielens.org/movies/589
1214,Alien (1979),Alien,1979,Horror; Sci-Fi,3.97,146,1,aliens,imaginative; dark,https://movielens.org/movies/1214
6502,28 Days Later (2002),28 Days Later,2002,Action; Horror; Sci-Fi,3.97,58,2,zombies,imaginative; dark,https://movielens.org/movies/6502
2804,"Christmas Story, A (1983)","Christmas Story, A",1983,Children; Comedy,3.97,55,1,christmas,funny; family-friendly,https://movielens.org/movies/2804
6377,Finding Nemo (2003),Finding Nemo,2003,Adventure; Animation; Children; Comedy,3.96,141,3,disney; fish; heartwarming,funny; family-friendly,https://movielens.org/movies/6377
6874,Kill Bill: Vol. 1 (2003),Kill Bill: Vol. 1,2003,Action; Crime; Thriller,3.96,131,2,martial arts; revenge,tense,https://movielens.org/movies/6874
1200,Aliens (1986),Aliens,1986,Action; Adventure; Horror; Sci-Fi,3.96,126,9,space; action; aliens; horror; sci-fi; space craft; space travel; suspense,tense; imaginative; dark,https://movielens.org/movies/1200
1246,Dead Poets Society (1989),Dead Poets Society,1989,Drama,3.96,86,2,high school; highschool,character-driven,https://movielens.org/movies/1246
6,Heat (1995),Heat,1995,Action; Crime; Thriller,3.95,102,0,,tense,https://movielens.org/movies/6
2997,Being John Malkovich (1999),Being John Malkovich,1999,Comedy; Drama; Fantasy,3.95,99,0,,funny; character-driven; fantastical,https://movielens.org/movies/2997
1653,Gattaca (1997),Gattaca,1997,Drama; Sci-Fi; Thriller,3.95,86,3,future; intelligent; thought-provoking,character-driven; tense; imaginative,https://movielens.org/movies/1653
48774,Children of Men (2006),Children of Men,2006,Action; Adventure; Drama; Sci-Fi; Thriller,3.95,64,0,,character-driven; tense; imaginative,https://movielens.org/movies/48774
364,"Lion King, The (1994)","Lion King, The",1994,Adventure; Animation; Children; Drama; Musical; IMAX,3.94,172,5,disney; disney animated feature; oscar (best music - original score); soundtrack,character-driven; family-friendly; well-regarded,https://movielens.org/movies/364
3578,Gladiator (2000),Gladiator,2000,Action; Adventure; Drama,3.94,170,8,ancient rome; epic; history; imdb top 250; revenge; romans; rome; russell crowe,character-driven,https://movielens.org/movies/3578
1265,Groundhog Day (1993),Groundhog Day,1993,Comedy; Fantasy; Romance,3.94,143,0,,funny; romantic; fantastical,https://movielens.org/movies/1265
49272,Casino Royale (2006),Casino Royale,2006,Action; Adventure; Thriller,3.94,81,0,,tense,https://movielens.org/movies/49272
99114,Django Unchained (2012),Django Unchained,2012,Action; Drama; Western,3.94,71,12,soundtrack; action; christoph waltz; funny; good soundtrack; great performances; humour; leonardo dicaprio,character-driven,https://movielens.org/movies/99114
2194,"Untouchables, The (1987)","Untouchables, The",1987,Action; Crime; Drama,3.94,65,2,capone; gangsters,character-driven; tense,https://movielens.org/movies/2194
1035,"Sound of Music, The (1965)","Sound of Music, The",1965,Musical; Romance,3.94,64,1,rogers and hammerstein,romantic,https://movielens.org/movies/1035
1304,Butch Cassidy and the Sundance Kid (1969),Butch Cassidy and the Sundance Kid,1969,Action; Western,3.94,62,1,crime,general audience,https://movielens.org/movies/1304
3671,Blazing Saddles (1974),Blazing Saddles,1974,Comedy; Western,3.94,62,3,dark humor; easygoing; silly,funny,https://movielens.org/movies/3671
76093,How to Train Your Dragon (2010),How to Train Your Dragon,2010,Adventure; Animation; Children; Fantasy; IMAX,3.94,53,0,,family-friendly; fantastical,https://movielens.org/movies/76093
34405,Serenity (2005),Serenity,2005,Action; Adventure; Sci-Fi,3.94,50,2,firefly; predictable,imaginative,https://movielens.org/movies/34405
1080,Monty Python's Life of Brian (1979),Monty Python's Life of Brian,1979,Comedy,3.93,89,3,bible; parody; religion,funny,https://movielens.org/movies/1080
16,Casino (1995),Casino,1995,Crime; Drama,3.93,82,1,mafia,character-driven; tense,https://movielens.org/movies/16
4262,Scarface (1983),Scarface,1983,Action; Crime; Drama,3.93,67,1,al pacino,character-driven; tense,https://movielens.org/movies/4262
1,Toy Story (1995),Toy Story,1995,Adventure; Animation; Children; Comedy; Fantasy,3.92,215,3,pixar; fun,funny; family-friendly; fantastical; warm,https://movielens.org/movies/1
5989,Catch Me If You Can (2002),Catch Me If You Can,2002,Crime; Drama,3.92,115,8,cheating; crime; intelligent; leonardo dicaprio; lies; smart; tom hanks; twists & turns,character-driven; tense; mind-bending,https://movielens.org/movies/5989
1732,"Big Lebowski, The (1998)","Big Lebowski, The",1998,Comedy; Crime,3.92,106,32,coen brothers; black comedy; bowling; classic; comedy; crime; cult classic; cult film,funny; tense; well-regarded,https://movielens.org/movies/1732
3949,Requiem for a Dream (2000),Requiem for a Dream,2000,Drama,3.92,96,3,depressing; drug abuse; psychology,character-driven,https://movielens.org/movies/3949
1079,"Fish Called Wanda, A (1988)","Fish Called Wanda, A",1988,Comedy; Crime,3.92,71,1,fish,funny; tense,https://movielens.org/movies/1079
106782,"Wolf of Wall Street, The (2013)","Wolf of Wall Street, The",2013,Comedy; Crime; Drama,3.92,54,5,drugs; leonardo dicaprio; martin scorsese; stock market; wall street,funny; character-driven; tense,https://movielens.org/movies/106782
8368,Harry Potter and the Prisoner of Azkaban (2004),Harry Potter and the Prisoner of Azkaban,2004,Adventure; Fantasy; IMAX,3.91,93,2,magic; wizards,fantastical,https://movielens.org/movies/8368
88125,Harry Potter and the Deathly Hallows: Part 2 (2011),Harry Potter and the Deathly Hallows: Part 2,2011,Action; Adventure; Drama; Fantasy; Mystery; IMAX,3.91,50,0,,character-driven; fantastical,https://movielens.org/movies/88125
1240,"Terminator, The (1984)","Terminator, The",1984,Action; Sci-Fi; Thriller,3.90,131,8,robots; action; artificial intelligence; sci-fi; special effects; tense; time travel,tense; imaginative,https://movielens.org/movies/1240
4034,Traffic (2000),Traffic,2000,Crime; Drama; Thriller,3.90,70,2,based on a tv show; drugs,character-driven; tense,https://movielens.org/movies/4034
55820,No Country for Old Men (2007),No Country for Old Men,2007,Crime; Drama,3.90,64,0,,character-driven; tense,https://movielens.org/movies/55820
7143,"Last Samurai, The (2003)","Last Samurai, The",2003,Action; Adventure; Drama; War,3.90,62,0,,character-driven,https://movielens.org/movies/7143
2762,"Sixth Sense, The (1999)","Sixth Sense, The",1999,Drama; Horror; Mystery,3.89,179,9,ghosts; atmospheric; bruce willis; i see dead people; imdb top 250; mindfuck; stylized; twist ending,character-driven; dark; mind-bending,https://movielens.org/movies/2762
924,2001: A Space Odyssey (1968),2001: A Space Odyssey,1968,Adventure; Drama; Sci-Fi,3.89,109,41,space; aliens; apes; arthur c. clarke; artificial intelligence; atmospheric; cinematography; classic,character-driven; imaginative; well-regarded,https://movielens.org/movies/924
1028,Mary Poppins (1964),Mary Poppins,1964,Children; Comedy; Fantasy; Musical,3.89,71,2,disney; nanny,funny; family-friendly; fantastical,https://movielens.org/movies/1028
69844,Harry Potter and the Half-Blood Prince (2009),Harry Potter and the Half-Blood Prince,2009,Adventure; Fantasy; Mystery; Romance; IMAX,3.89,58,0,,romantic; fantastical,https://movielens.org/movies/69844
80463,"Social Network, The (2010)","Social Network, The",2010,Drama,3.89,57,3,good dialogue; loneliness; witty,character-driven,https://movielens.org/movies/80463
33166,Crash (2004),Crash,2004,Crime; Drama,3.89,50,1,racism,character-driven; tense,https://movielens.org/movies/33166
44191,V for Vendetta (2006),V for Vendetta,2006,Action; Sci-Fi; Thriller; IMAX,3.88,100,0,,tense; imaginative,https://movielens.org/movies/44191
919,"Wizard of Oz, The (1939)","Wizard of Oz, The",1939,Adventure; Children; Fantasy; Musical,3.88,92,2,dorothy; toto,family-friendly; fantastical,https://movielens.org/movies/919
1356,Star Trek: First Contact (1996),Star Trek: First Contact,1996,Action; Adventure; Sci-Fi; Thriller,3.88,91,1,borg,tense; imaginative,https://movielens.org/movies/1356
46578,Little Miss Sunshine (2006),Little Miss Sunshine,2006,Adventure; Comedy; Drama,3.88,77,0,,funny; character-driven,https://movielens.org/movies/46578
71535,Zombieland (2009),Zombieland,2009,Action; Comedy; Horror,3.88,53,6,bill murray; dark comedy; emma stone; funny; jesse eisenberg; woody harrelson,funny; dark,https://movielens.org/movies/71535
4306,Shrek (2001),Shrek,2001,Adventure; Animation; Children; Comedy; Fantasy; Romance,3.87,170,1,fairy tales,funny; romantic; family-friendly; fantastical,https://movielens.org/movies/4306
4886,"Monsters, Inc. (2001)","Monsters, Inc.",2001,Adventure; Animation; Children; Comedy; Fantasy,3.87,132,0,,funny; family-friendly; fantastical,https://movielens.org/movies/4886
1073,Willy Wonka & the Chocolate Factory (1971),Willy Wonka & the Chocolate Factory,1971,Children; Comedy; Fantasy; Musical,3.87,119,0,,funny; family-friendly; fantastical,https://movielens.org/movies/1073
7438,Kill Bill: Vol. 2 (2004),Kill Bill: Vol. 2,2004,Action; Drama; Thriller,3.87,110,1,revenge,character-driven; tense,https://movielens.org/movies/7438
1610,"Hunt for Red October, The (1990)","Hunt for Red October, The",1990,Action; Adventure; Thriller,3.87,90,1,tom clancy,tense,https://movielens.org/movies/1610
3897,Almost Famous (2000),Almost Famous,2000,Drama,3.87,83,4,music; journalism; rolling stone,character-driven,https://movielens.org/movies/3897
50872,Ratatouille (2007),Ratatouille,2007,Animation; Children; Drama,3.87,72,4,inspirational; a clever chef rat; clever,character-driven; family-friendly,https://movielens.org/movies/50872
89745,"Avengers, The (2012)","Avengers, The",2012,Action; Adventure; Sci-Fi; IMAX,3.87,69,7,captain america; fun; great humor; silly; superhero; superhero team; visually appealing,imaginative,https://movielens.org/movies/89745
1230,Annie Hall (1977),Annie Hall,1977,Comedy; Romance,3.87,58,1,new york,funny; romantic,https://movielens.org/movies/1230
1036,Die Hard (1988),Die Hard,1988,Action; Crime; Thriller,3.86,145,0,,tense,https://movielens.org/movies/1036
33794,Batman Begins (2005),Batman Begins,2005,Action; Crime; IMAX,3.86,116,0,,tense,https://movielens.org/movies/33794
223,Clerks (1994),Clerks,1994,Comedy,3.86,104,6,cynical; generation x; hilarious; independent film; quirky; witty,funny; quirky,https://movielens.org/movies/223
3114,Toy Story 2 (1999),Toy Story 2,1999,Adventure; Animation; Children; Comedy; Fantasy,3.86,97,8,pixar; animation; disney; funny; original; sequel; tom hanks,funny; family-friendly; fantastical; warm,https://movielens.org/movies/3114
2791,Airplane! (1980),Airplane!,1980,Comedy,3.86,87,2,aviation; spoof,funny,https://movielens.org/movies/2791
1307,When Harry Met Sally... (1989),When Harry Met Sally...,1989,Comedy; Romance,3.86,85,1,new york,funny; romantic,https://movielens.org/movies/1307
32587,Sin City (2005),Sin City,2005,Action; Crime; Film-Noir; Mystery; Thriller,3.86,84,1,cult,tense,https://movielens.org/movies/32587
2700,"South Park: Bigger, Longer and Uncut (1999)","South Park: Bigger, Longer and Uncut",1999,Animation; Comedy; Musical,3.86,76,8,adult humor; controversial; crude humor; free speech; parody; satire; south park; trey parker,funny; family-friendly,https://movielens.org/movies/2700
68358,Star Trek (2009),Star Trek,2009,Action; Adventure; Sci-Fi; IMAX,3.86,59,9,future; lack of development; lack of story; quick cuts; sci-fi; simon pegg; space; space travel,imaginative,https://movielens.org/movies/68358
54001,Harry Potter and the Order of the Phoenix (2007),Harry Potter and the Order of the Phoenix,2007,Adventure; Drama; Fantasy; IMAX,3.86,58,0,,character-driven; fantastical,https://movielens.org/movies/54001
54503,Superbad (2007),Superbad,2007,Comedy,3.86,55,7,friendship; high school; michael cera; nerds; self discovery; shenanigans; virginity,funny,https://movielens.org/movies/54503
150,Apollo 13 (1995),Apollo 13,1995,Adventure; Drama; IMAX,3.85,201,3,moon; nasa; space,character-driven; imaginative,https://movielens.org/movies/150
73017,Sherlock Holmes (2009),Sherlock Holmes,2009,Action; Crime; Mystery; Thriller,3.85,58,0,,tense,https://movielens.org/movies/73017
30707,Million Dollar Baby (2004),Million Dollar Baby,2004,Drama,3.85,52,1,boxing,character-driven,https://movielens.org/movies/30707
590,Dances with Wolves (1990),Dances with Wolves,1990,Adventure; Drama; Western,3.84,164,2,american indians; native americans,character-driven,https://movielens.org/movies/590
8961,"Incredibles, The (2004)","Incredibles, The",2004,Action; Adventure; Animation; Children; Comedy,3.84,125,4,animation; disney; samuel l. jackson; superhero,funny; family-friendly,https://movielens.org/movies/8961
4963,Ocean's Eleven (2001),Ocean's Eleven,2001,Crime; Thriller,3.84,119,1,heist,tense,https://movielens.org/movies/4963
3996,"Crouching Tiger, Hidden Dragon (Wo hu cang long) (2000)","Crouching Tiger, Hidden Dragon (Wo hu cang long)",2000,Action; Drama; Romance,3.84,110,2,china; martial arts,character-driven; romantic,https://movielens.org/movies/3996
2918,Ferris Bueller's Day Off (1986),Ferris Bueller's Day Off,1986,Comedy,3.84,109,1,high school,funny,https://movielens.org/movies/2918
36,Dead Man Walking (1995),Dead Man Walking,1995,Crime; Drama,3.84,67,2,death penalty; nun,character-driven; tense,https://movielens.org/movies/36
2947,Goldfinger (1964),Goldfinger,1964,Action; Adventure; Thriller,3.84,53,0,,tense,https://movielens.org/movies/2947
4848,Mulholland Drive (2001),Mulholland Drive,2001,Crime; Drama; Film-Noir; Mystery; Thriller,3.84,51,0,,character-driven; tense,https://movielens.org/movies/4848
7147,Big Fish (2003),Big Fish,2003,Drama; Fantasy; Romance,3.83,69,4,dreamlike; sentimental; surreal; tim burton,character-driven; romantic; fantastical,https://movielens.org/movies/7147
1954,Rocky (1976),Rocky,1976,Drama,3.83,64,2,boxing; sports,character-driven,https://movielens.org/movies/1954
122904,Deadpool (2016),Deadpool,2016,Action; Adventure; Comedy; Sci-Fi,3.83,54,0,,funny; imaginative,https://movielens.org/movies/122904
2078,"Jungle Book, The (1967)","Jungle Book, The",1967,Animation; Children; Comedy; Musical,3.83,53,1,disney,funny; family-friendly,https://movielens.org/movies/2078
3552,Caddyshack (1980),Caddyshack,1980,Comedy,3.83,52,1,golf,funny,https://movielens.org/movies/3552
5418,"Bourne Identity, The (2002)","Bourne Identity, The",2002,Action; Mystery; Thriller,3.82,112,0,,tense,https://movielens.org/movies/5418
59315,Iron Man (2008),Iron Man,2008,Action; Adventure; Sci-Fi,3.82,94,0,,imaginative,https://movielens.org/movies/59315
40815,Harry Potter and the Goblet of Fire (2005),Harry Potter and the Goblet of Fire,2005,Adventure; Fantasy; Thriller; IMAX,3.82,71,2,magic; wizards,tense; fantastical,https://movielens.org/movies/40815
553,Tombstone (1993),Tombstone,1993,Action; Drama; Western,3.82,65,0,,character-driven,https://movielens.org/movies/553
1682,"Truman Show, The (1998)","Truman Show, The",1998,Comedy; Drama; Sci-Fi,3.81,125,1,tv,funny; character-driven; imaginative,https://movielens.org/movies/1682
1961,Rain Man (1988),Rain Man,1988,Drama,3.81,96,1,autism,character-driven,https://movielens.org/movies/1961
4027,"O Brother, Where Art Thou? (2000)","O Brother, Where Art Thou?",2000,Adventure; Comedy; Crime,3.81,94,1,bluegrass,funny; tense,https://movielens.org/movies/4027
1220,"Blues Brothers, The (1980)","Blues Brothers, The",1980,Action; Comedy; Musical,3.81,84,1,saturday night live,funny,https://movielens.org/movies/1220
48394,"Pan's Labyrinth (Laberinto del fauno, El) (2006)","Pan's Labyrinth (Laberinto del fauno, El)",2006,Drama; Fantasy; Thriller,3.81,81,3,atmospheric; bittersweet; visually appealing,character-driven; tense; fantastical,https://movielens.org/movies/48394
63082,Slumdog Millionaire (2008),Slumdog Millionaire,2008,Crime; Drama; Romance,3.81,71,0,,character-driven; tense; romantic,https://movielens.org/movies/63082
4239,Blow (2001),Blow,2001,Crime; Drama,3.81,51,0,,character-driven; tense,https://movielens.org/movies/4239
5010,Black Hawk Down (2001),Black Hawk Down,2001,Action; Drama; War,3.81,50,0,,character-driven,https://movielens.org/movies/5010
96079,Skyfall (2012),Skyfall,2012,Action; Adventure; Thriller; IMAX,3.81,50,3,beautiful cinematography; beautifully filmed; cinematography,tense,https://movielens.org/movies/96079
8636,Spider-Man 2 (2004),Spider-Man 2,2004,Action; Adventure; Sci-Fi; IMAX,3.80,79,1,doc ock,imaginative,https://movielens.org/movies/8636
555,True Romance (1993),True Romance,1993,Crime; Thriller,3.80,65,0,,tense,https://movielens.org/movies/555
2529,Planet of the Apes (1968),Planet of the Apes,1968,Action; Drama; Sci-Fi,3.80,56,1,twist ending,character-driven; imaginative; mind-bending,https://movielens.org/movies/2529
1997,"Exorcist, The (1973)","Exorcist, The",1973,Horror; Mystery,3.80,53,1,demons,dark,https://movielens.org/movies/1997
588,Aladdin (1992),Aladdin,1992,Adventure; Animation; Children; Comedy; Musical,3.79,183,1,disney,funny; family-friendly,https://movielens.org/movies/588
8665,"Bourne Supremacy, The (2004)","Bourne Supremacy, The",2004,Action; Crime; Thriller,3.79,75,0,,tense,https://movielens.org/movies/8665
3535,American Psycho (2000),American Psycho,2000,Crime; Horror; Mystery; Thriller,3.79,59,0,,tense; dark,https://movielens.org/movies/3535
6942,Love Actually (2003),Love Actually,2003,Comedy; Drama; Romance,3.79,59,0,,funny; character-driven; romantic,https://movielens.org/movies/6942
2268,"Few Good Men, A (1992)","Few Good Men, A",1992,Crime; Drama; Thriller,3.79,57,2,court; military,character-driven; tense,https://movielens.org/movies/2268
4776,Training Day (2001),Training Day,2001,Crime; Drama; Thriller,3.79,51,0,,character-driven; tense,https://movielens.org/movies/4776
6539,Pirates of the Caribbean: The Curse of the Black Pearl (2003),Pirates of the Caribbean: The Curse of the Black Pearl,2003,Action; Adventure; Comedy; Fantasy,3.78,149,1,swashbuckler,funny; fantastical,https://movielens.org/movies/6539
1968,"Breakfast Club, The (1985)","Breakfast Club, The",1985,Comedy; Drama,3.78,113,0,,funny; character-driven,https://movielens.org/movies/1968
2396,Shakespeare in Love (1998),Shakespeare in Love,1998,Comedy; Drama; Romance,3.78,92,1,england,funny; character-driven; romantic,https://movielens.org/movies/2396
17,Sense and Sensibility (1995),Sense and Sensibility,1995,Drama; Romance,3.78,67,1,jane austen,character-driven; romantic,https://movielens.org/movies/17
70286,District 9 (2009),District 9,2009,Mystery; Sci-Fi; Thriller,3.78,65,1,intelligent sci-fi,tense; imaginative,https://movielens.org/movies/70286
5669,Bowling for Columbine (2002),Bowling for Columbine,2002,Documentary,3.78,58,1,violence in america,real-world,https://movielens.org/movies/5669
1282,Fantasia (1940),Fantasia,1940,Animation; Children; Fantasy; Musical,3.78,53,1,disney,family-friendly; fantastical,https://movielens.org/movies/1282
109374,"Grand Budapest Hotel, The (2014)","Grand Budapest Hotel, The",2014,Comedy; Drama,3.78,52,0,,funny; character-driven,https://movielens.org/movies/109374
333,Tommy Boy (1995),Tommy Boy,1995,Comedy,3.78,50,0,,funny,https://movielens.org/movies/333
595,Beauty and the Beast (1991),Beauty and the Beast,1991,Animation; Children; Fantasy; Musical; Romance; IMAX,3.77,146,1,disney,romantic; family-friendly; fantastical,https://movielens.org/movies/595
1097,E.T. the Extra-Terrestrial (1982),E.T. the Extra-Terrestrial,1982,Children; Drama; Sci-Fi,3.77,122,1,aliens,character-driven; family-friendly; imaginative,https://movielens.org/movies/1097
2716,Ghostbusters (a.k.a. Ghost Busters) (1984),Ghostbusters (a.k.a. Ghost Busters),1984,Action; Comedy; Sci-Fi,3.77,120,1,ghosts,funny; imaginative,https://movielens.org/movies/2716
337,What's Eating Gilbert Grape (1993),What's Eating Gilbert Grape,1993,Drama,3.77,77,1,mental illness,character-driven,https://movielens.org/movies/337
56367,Juno (2007),Juno,2007,Comedy; Drama; Romance,3.77,65,5,michael cera; notable soundtrack; pregnancy; teenage pregnancy; witty,funny; character-driven; romantic,https://movielens.org/movies/56367
1374,Star Trek II: The Wrath of Khan (1982),Star Trek II: The Wrath of Khan,1982,Action; Adventure; Sci-Fi; Thriller,3.77,62,1,captain kirk,tense; imaginative,https://movielens.org/movies/1374
8641,Anchorman: The Legend of Ron Burgundy (2004),Anchorman: The Legend of Ron Burgundy,2004,Comedy,3.77,57,7,will ferrell; awesome; comedy; hilarious; steve carell; stupid,funny,https://movielens.org/movies/8641
4896,Harry Potter and the Sorcerer's Stone (a.k.a. Harry Potter and the Philosopher's Stone) (2001),Harry Potter and the Sorcerer's Stone (a.k.a. Harry Potter and the Philosopher's Stone),2001,Adventure; Children; Fantasy,3.76,107,7,magic; alan rickman; everything you want is here; harry potter; humorous; wizards,family-friendly; fantastical,https://movielens.org/movies/4896
1641,"Full Monty, The (1997)","Full Monty, The",1997,Comedy; Drama,3.76,56,0,,funny; character-driven,https://movielens.org/movies/1641
49530,Blood Diamond (2006),Blood Diamond,2006,Action; Adventure; Crime; Drama; Thriller; War,3.76,53,5,africa; corruption; jennifer connelly; justice; leonardo dicaprio,character-driven; tense,https://movielens.org/movies/49530
480,Jurassic Park (1993),Jurassic Park,1993,Action; Adventure; Sci-Fi; Thriller,3.75,238,1,dinosaur,tense; imaginative,https://movielens.org/movies/480
1527,"Fifth Element, The (1997)","Fifth Element, The",1997,Action; Adventure; Comedy; Sci-Fi,3.75,116,0,,funny; imaginative,https://movielens.org/movies/1527
3471,Close Encounters of the Third Kind (1977),Close Encounters of the Third Kind,1977,Adventure; Drama; Sci-Fi,3.74,60,0,,character-driven; imaginative,https://movielens.org/movies/3471
1466,Donnie Brasco (1997),Donnie Brasco,1997,Crime; Drama,3.74,52,1,mafia,character-driven; tense,https://movielens.org/movies/1466
2797,Big (1988),Big,1988,Comedy; Drama; Fantasy; Romance,3.72,91,1,children,funny; character-driven; romantic; fantastical,https://movielens.org/movies/2797
6333,X2: X-Men United (2003),X2: X-Men United,2003,Action; Adventure; Sci-Fi; Thriller,3.72,76,5,jean grey; magneto; rogue; superhero; wolverine,tense; imaginative,https://movielens.org/movies/6333
62,Mr. Holland's Opus (1995),Mr. Holland's Opus,1995,Drama,3.71,80,1,music,character-driven,https://movielens.org/movies/62
3160,Magnolia (1999),Magnolia,1999,Drama,3.71,52,1,l.a.,character-driven,https://movielens.org/movies/3160
6870,Mystic River (2003),Mystic River,2003,Crime; Drama; Mystery,3.71,52,2,child abuse; kidnapping,character-driven; tense,https://movielens.org/movies/6870
3793,X-Men (2000),X-Men,2000,Action; Adventure; Sci-Fi,3.70,133,6,superhero; action; comic book; hugh jackman; marvel,imaginative,https://movielens.org/movies/3793
4022,Cast Away (2000),Cast Away,2000,Drama,3.70,100,0,,character-driven,https://movielens.org/movies/4022
1784,As Good as It Gets (1997),As Good as It Gets,1997,Comedy; Drama; Romance,3.70,96,0,,funny; character-driven; romantic,https://movielens.org/movies/1784
54286,"Bourne Ultimatum, The (2007)","Bourne Ultimatum, The",2007,Action; Crime; Thriller,3.70,81,4,assassin; assassin-in-training (scene); espionage; robert ludlum,tense,https://movielens.org/movies/54286
2291,Edward Scissorhands (1990),Edward Scissorhands,1990,Drama; Fantasy; Romance,3.70,80,1,freaks,character-driven; romantic; fantastical,https://movielens.org/movies/2291
1625,"Game, The (1997)","Game, The",1997,Drama; Mystery; Thriller,3.70,77,8,mystery; twist ending; mindfuck; plot twist; psychological; suspense,character-driven; tense; mind-bending,https://movielens.org/movies/1625
5218,Ice Age (2002),Ice Age,2002,Adventure; Animation; Children; Comedy,3.69,85,0,,funny; family-friendly,https://movielens.org/movies/5218
474,In the Line of Fire (1993),In the Line of Fire,1993,Action; Thriller,3.69,70,1,assassination,tense,https://movielens.org/movies/474
3421,Animal House (1978),Animal House,1978,Comedy,3.69,62,2,college; toga,funny,https://movielens.org/movies/3421
3911,Best in Show (2000),Best in Show,2000,Comedy,3.69,53,2,dogs; satire,funny,https://movielens.org/movies/3911
1923,There's Something About Mary (1998),There's Something About Mary,1998,Comedy; Romance,3.68,105,4,ben stiller; crude humor; goofy,funny; romantic,https://movielens.org/movies/1923
51662,300 (2007),300,2007,Action; Fantasy; War; IMAX,3.68,80,0,,fantastical,https://movielens.org/movies/51662
235,Ed Wood (1994),Ed Wood,1994,Comedy; Drama,3.68,70,1,movie business,funny; character-driven,https://movielens.org/movies/235
4979,"Royal Tenenbaums, The (2001)","Royal Tenenbaums, The",2001,Comedy; Drama,3.68,68,1,new york,funny; character-driven,https://movielens.org/movies/4979
2000,Lethal Weapon (1987),Lethal Weapon,1987,Action; Comedy; Crime; Drama,3.67,75,0,,funny; character-driven; tense,https://movielens.org/movies/2000
3481,High Fidelity (2000),High Fidelity,2000,Comedy; Drama; Romance,3.67,75,2,music; nick hornby,funny; character-driven; romantic,https://movielens.org/movies/3481
11,"American President, The (1995)","American President, The",1995,Comedy; Drama; Romance,3.67,70,2,politics; president,funny; character-driven; romantic,https://movielens.org/movies/11
2599,Election (1999),Election,1999,Comedy,3.66,56,0,,funny,https://movielens.org/movies/2599
34,Babe (1995),Babe,1995,Children; Drama,3.65,128,3,animal movie; pigs; villain nonexistent or not needed for good story,character-driven; family-friendly,https://movielens.org/movies/34
2916,Total Recall (1990),Total Recall,1990,Action; Adventure; Sci-Fi; Thriller,3.65,88,0,,tense; imaginative,https://movielens.org/movies/2916
1584,Contact (1997),Contact,1997,Drama; Sci-Fi,3.65,82,0,,character-driven; imaginative,https://movielens.org/movies/1584
3052,Dogma (1999),Dogma,1999,Adventure; Comedy; Fantasy,3.65,79,5,irreverent; jay and silent bob; kevin smith; religion; satire,funny; fantastical,https://movielens.org/movies/3052
52973,Knocked Up (2007),Knocked Up,2007,Comedy; Drama; Romance,3.65,52,0,,funny; character-driven; romantic,https://movielens.org/movies/52973
733,"Rock, The (1996)","Rock, The",1996,Action; Adventure; Thriller,3.64,121,3,alcatraz; michael bay; terrorism,tense,https://movielens.org/movies/733
5445,Minority Report (2002),Minority Report,2002,Action; Crime; Mystery; Sci-Fi; Thriller,3.64,120,1,future,tense; imaginative,https://movielens.org/movies/5445
2115,Indiana Jones and the Temple of Doom (1984),Indiana Jones and the Temple of Doom,1984,Action; Adventure; Fantasy,3.64,108,1,archaeology,fantastical,https://movielens.org/movies/2115
161,Crimson Tide (1995),Crimson Tide,1995,Drama; Thriller; War,3.64,103,1,submarine,character-driven; tense,https://movielens.org/movies/161
25,Leaving Las Vegas (1995),Leaving Las Vegas,1995,Drama; Romance,3.63,76,1,alcoholism,character-driven; romantic,https://movielens.org/movies/25
69122,"Hangover, The (2009)","Hangover, The",2009,Comedy; Crime,3.63,76,5,casino; comedy; funny; hotel; las vegas,funny; tense,https://movielens.org/movies/69122
4720,"Others, The (2001)","Others, The",2001,Drama; Horror; Mystery; Thriller,3.63,55,0,,character-driven; tense; dark,https://movielens.org/movies/4720
594,Snow White and the Seven Dwarfs (1937),Snow White and the Seven Dwarfs,1937,Animation; Children; Drama; Fantasy; Musical,3.62,77,1,disney,character-driven; family-friendly; fantastical,https://movielens.org/movies/594
4246,Bridget Jones's Diary (2001),Bridget Jones's Diary,2001,Comedy; Drama; Romance,3.62,65,1,singletons,funny; character-driven; romantic,https://movielens.org/movies/4246
6378,"Italian Job, The (2003)","Italian Job, The",2003,Action; Crime,3.62,59,1,heist,tense,https://movielens.org/movies/6378
508,Philadelphia (1993),Philadelphia,1993,Drama,3.61,66,1,aids,character-driven,https://movielens.org/movies/508
353,"Crow, The (1994)","Crow, The",1994,Action; Crime; Fantasy; Thriller,3.61,64,0,,tense; fantastical,https://movielens.org/movies/353
2640,Superman (1978),Superman,1978,Action; Adventure; Sci-Fi,3.61,61,1,superhero,imaginative,https://movielens.org/movies/2640
1500,Grosse Pointe Blank (1997),Grosse Pointe Blank,1997,Comedy; Crime; Romance,3.61,59,2,hit men; reunion,funny; tense; romantic,https://movielens.org/movies/1500
349,Clear and Present Danger (1994),Clear and Present Danger,1994,Action; Crime; Drama; Thriller,3.60,110,1,tom clancy,character-driven; tense,https://movielens.org/movies/349
5816,Harry Potter and the Chamber of Secrets (2002),Harry Potter and the Chamber of Secrets,2002,Adventure; Fantasy,3.60,102,2,magic; wizards,fantastical,https://movielens.org/movies/5816
72998,Avatar (2009),Avatar,2009,Action; Adventure; Sci-Fi; IMAX,3.60,97,18,graphic design; bad science; beautiful scenery; futuristic; james cameron; military; music; politics,imaginative,https://movielens.org/movies/72998
1393,Jerry Maguire (1996),Jerry Maguire,1996,Drama; Romance,3.59,85,1,sports,character-driven; romantic,https://movielens.org/movies/1393
4308,Moulin Rouge (2001),Moulin Rouge,2001,Drama; Musical; Romance,3.59,55,0,,character-driven; romantic,https://movielens.org/movies/4308
8360,Shrek 2 (2004),Shrek 2,2004,Adventure; Animation; Children; Comedy; Musical; Romance,3.58,92,1,ogres,funny; romantic; family-friendly,https://movielens.org/movies/8360
3175,Galaxy Quest (1999),Galaxy Quest,1999,Adventure; Comedy; Sci-Fi,3.58,75,1,spoof,funny; imaginative,https://movielens.org/movies/3175
3527,Predator (1987),Predator,1987,Action; Sci-Fi; Thriller,3.58,61,11,aliens; sci-fi; scifi cult; arnold schwarzenegger; dialogue; guns; jesse ventura; macho,tense; imaginative,https://movielens.org/movies/3527
1639,Chasing Amy (1997),Chasing Amy,1997,Comedy; Drama; Romance,3.58,52,0,,funny; character-driven; romantic,https://movielens.org/movies/1639
2987,Who Framed Roger Rabbit? (1988),Who Framed Roger Rabbit?,1988,Adventure; Animation; Children; Comedy; Crime; Fantasy; Mystery,3.57,97,1,live action/animation,funny; tense; family-friendly; fantastical,https://movielens.org/movies/2987
2005,"Goonies, The (1985)","Goonies, The",1985,Action; Adventure; Children; Comedy; Fantasy,3.57,57,0,,funny; family-friendly; fantastical,https://movielens.org/movies/2005
165,Die Hard: With a Vengeance (1995),Die Hard: With a Vengeance,1995,Action; Crime; Thriller,3.56,144,0,,tense,https://movielens.org/movies/165
163,Desperado (1995),Desperado,1995,Action; Romance; Western,3.56,66,0,,romantic,https://movielens.org/movies/163
551,"Nightmare Before Christmas, The (1993)","Nightmare Before Christmas, The",1993,Animation; Children; Fantasy; Musical,3.55,93,2,christmas; halloween,family-friendly; fantastical,https://movielens.org/movies/551
3751,Chicken Run (2000),Chicken Run,2000,Animation; Children; Comedy,3.55,78,0,,funny; family-friendly,https://movielens.org/movies/3751
440,Dave (1993),Dave,1993,Comedy; Romance,3.55,76,1,president,funny; romantic,https://movielens.org/movies/440
35836,"40-Year-Old Virgin, The (2005)","40-Year-Old Virgin, The",2005,Comedy; Romance,3.55,74,4,best picture; classic; hilarious; steve carell,funny; romantic; well-regarded,https://movielens.org/movies/35836
648,Mission: Impossible (1996),Mission: Impossible,1996,Action; Adventure; Mystery; Thriller,3.54,162,1,based on a tv show,tense,https://movielens.org/movies/648
5349,Spider-Man (2002),Spider-Man,2002,Action; Adventure; Sci-Fi; Thriller,3.54,122,1,superhero,tense; imaginative,https://movielens.org/movies/5349
1517,Austin Powers: International Man of Mystery (1997),Austin Powers: International Man of Mystery,1997,Action; Adventure; Comedy,3.54,100,0,,funny,https://movielens.org/movies/1517
509,"Piano, The (1993)","Piano, The",1993,Drama; Romance,3.54,61,0,,character-driven; romantic,https://movielens.org/movies/509
2395,Rushmore (1998),Rushmore,1998,Comedy; Drama,3.54,56,0,,funny; character-driven,https://movielens.org/movies/2395
225,Disclosure (1994),Disclosure,1994,Drama; Thriller,3.54,52,0,,character-driven; tense,https://movielens.org/movies/225
377,Speed (1994),Speed,1994,Action; Romance; Thriller,3.53,171,1,bus,tense; romantic,https://movielens.org/movies/377
454,"Firm, The (1993)","Firm, The",1993,Drama; Thriller,3.53,101,1,john grisham,character-driven; tense,https://movielens.org/movies/454
3408,Erin Brockovich (2000),Erin Brockovich,2000,Drama,3.53,70,2,scandal; true story,character-driven,https://movielens.org/movies/3408
2572,10 Things I Hate About You (1999),10 Things I Hate About You,1999,Comedy; Romance,3.53,54,1,shakespeare sort of,funny; romantic,https://movielens.org/movies/2572
357,Four Weddings and a Funeral (1994),Four Weddings and a Funeral,1994,Comedy; Romance,3.52,103,1,wedding,funny; romantic,https://movielens.org/movies/357
2355,"Bug's Life, A (1998)","Bug's Life, A",1998,Adventure; Animation; Children; Comedy,3.52,92,1,pixar,funny; family-friendly; warm,https://movielens.org/movies/2355
