artistID,artist_name,listener_count,total_listens,average_listens_per_listener,tag_assignment_count,top_tags,vibe_summary,popularity_tier,lastfm_url
89,Lady Gaga,611,1291387,2113.6,767,pop; dance; electronic; female vocalists; lady gaga; female vocalist; electropop; sexy; amazing; diva,upbeat; vocal-forward,broadly popular in sample,http://www.last.fm/music/Lady+Gaga
289,Britney Spears,522,2393140,4584.6,931,pop; dance; female vocalists; legend; britney spears; electronic; sexy; 90s; amazing; american,upbeat; vocal-forward,broadly popular in sample,http://www.last.fm/music/Britney+Spears
288,Rihanna,484,905423,1870.7,528,pop; rnb; dance; female vocalists; hip-hop; rihanna; sexy; love; female vocalist; ballad,upbeat; groove-led; vocal-forward,broadly popular in sample,http://www.last.fm/music/Rihanna
227,The Beatles,480,662116,1379.4,598,classic rock; rock; british; 60s; pop; psychedelic; the beatles; britpop; psychedelic rock; rock and roll,high-energy; upbeat,broadly popular in sample,http://www.last.fm/music/The+Beatles
300,Katy Perry,473,532545,1125.9,424,pop; female vocalists; pop rock; rock; dance; indie; love; <3; electronic; katy perry,high-energy; upbeat; indie/alternative; vocal-forward,broadly popular in sample,http://www.last.fm/music/Katy+Perry
67,Madonna,429,921198,2147.3,730,pop; dance; female vocalists; 80s; electronic; 90s; madonna; sexy; legend; diva,upbeat; vocal-forward,broadly popular in sample,http://www.last.fm/music/Madonna
333,Avril Lavigne,417,525844,1261.0,445,pop; female vocalists; pop rock; rock; canadian; pop punk; punk; alternative; female vocalist; punk rock,high-energy; upbeat; indie/alternative; vocal-forward,broadly popular in sample,http://www.last.fm/music/Avril+Lavigne
292,Christina Aguilera,407,1058405,2600.5,762,pop; female vocalists; dance; rnb; soul; sexy; christina aguilera; legend; electronic; ballad,upbeat; groove-led; vocal-forward,broadly popular in sample,http://www.last.fm/music/Christina+Aguilera
190,Muse,400,485076,1212.7,595,alternative rock; rock; alternative; progressive rock; indie; british; indie rock; seen live; britpop; awesome,high-energy; upbeat; indie/alternative,broadly popular in sample,http://www.last.fm/music/Muse
498,Paramore,399,963449,2414.7,467,rock; female vocalists; alternative; pop punk; emo; alternative rock; pop rock; paramore; indie; punk,high-energy; upbeat; indie/alternative; vocal-forward,broadly popular in sample,http://www.last.fm/music/Paramore
295,Beyoncé,397,499318,1257.7,365,rnb; pop; soul; female vocalists; hip-hop; sexy; beyonce; dance; female vocalist; hip hop,upbeat; groove-led; beat-focused; vocal-forward,broadly popular in sample,http://www.last.fm/music/Beyonc%C3%A9
154,Radiohead,393,385306,980.4,563,alternative; rock; alternative rock; indie; electronic; british; britpop; experimental; indie rock; 90s,high-energy; upbeat; indie/alternative,broadly popular in sample,http://www.last.fm/music/Radiohead
65,Coldplay,369,330757,896.4,454,alternative; alternative rock; rock; britpop; british; indie; indie rock; coldplay; beautiful; seen live,high-energy; upbeat; indie/alternative,broadly popular in sample,http://www.last.fm/music/Coldplay
466,Ke$ha,362,384405,1061.9,216,pop; dance; electronic; electropop; female vocalists; party; 2010; love at first listen; <3; kesha,upbeat; vocal-forward,broadly popular in sample,http://www.last.fm/music/Ke%24ha
701,Shakira,319,688529,2158.4,344,pop; female vocalists; latin; rock; sexy; spanish; dance; shakira; legend; catchy,high-energy; upbeat; vocal-forward,broadly popular in sample,http://www.last.fm/music/Shakira
302,P!nk,305,207761,681.2,201,pop; female vocalists; pop rock; rock; dance; 00s; female; female vocalist; rnb; american,high-energy; upbeat; groove-led; vocal-forward,broadly popular in sample,http://www.last.fm/music/P%21nk
229,The Killers,304,191979,631.5,360,indie; indie rock; rock; alternative; alternative rock; electronic; seen live; britpop; pop; awesome,high-energy; upbeat; indie/alternative,broadly popular in sample,http://www.last.fm/music/The+Killers
306,Black Eyed Peas,304,188634,620.5,244,hip-hop; pop; rap; dance; rnb; hip hop; electronic; black eyed peas; female vocalists; 00s,upbeat; groove-led; beat-focused; vocal-forward,broadly popular in sample,http://www.last.fm/music/Black+Eyed+Peas
55,Kylie Minogue,298,449292,1507.7,401,dance; pop; electronic; female vocalists; 80s; 90s; australian; disco; sexy; seen live,upbeat; vocal-forward,broadly popular in sample,http://www.last.fm/music/Kylie+Minogue
461,Miley Cyrus,286,489065,1710.0,294,pop; female vocalists; dance; disney; miley cyrus; pop rock; <3; guilty pleasure; amazing; catchy,high-energy; upbeat; vocal-forward,broadly popular in sample,http://www.last.fm/music/Miley+Cyrus
72,Depeche Mode,282,1301308,4614.6,701,electronic; new wave; 80s; synthpop; synth pop; alternative; british; depeche mode; 90s; rock,high-energy; upbeat; indie/alternative,broadly popular in sample,http://www.last.fm/music/Depeche+Mode
377,Linkin Park,280,265362,947.7,271,rock; nu metal; alternative rock; alternative; metal; male vocalists; 00s; american; hip-hop; awesome,high-energy; indie/alternative; vocal-forward,broadly popular in sample,http://www.last.fm/music/Linkin+Park
157,Michael Jackson,266,296882,1116.1,467,pop; 80s; dance; soul; funk; legend; 90s; king of pop; michael jackson; rock,high-energy; upbeat; groove-led,broadly popular in sample,http://www.last.fm/music/Michael+Jackson
291,Kelly Clarkson,260,253027,973.2,288,pop; female vocalists; pop rock; rock; american idol; female vocalist; kelly clarkson; favorites; alternative; amazing,high-energy; upbeat; indie/alternative; vocal-forward,broadly popular in sample,http://www.last.fm/music/Kelly+Clarkson
163,Pink Floyd,258,466104,1806.6,388,progressive rock; classic rock; psychedelic rock; rock; psychedelic; 70s; 80s; 60s; british; instrumental,high-energy; cinematic,broadly popular in sample,http://www.last.fm/music/Pink+Floyd
234,Nirvana,258,190232,737.3,339,grunge; alternative; rock; alternative rock; 90s; punk; nirvana; acoustic; classic rock; hard rock,high-energy; story-driven; indie/alternative,broadly popular in sample,http://www.last.fm/music/Nirvana
679,Glee Cast,249,506453,2033.9,124,glee; cover; pop; musical; soundtrack; female vocalists; love; britney spears; covers; glee cast,upbeat; cinematic; vocal-forward,broadly popular in sample,http://www.last.fm/music/Glee+Cast
207,Arctic Monkeys,248,288520,1163.4,292,indie rock; indie; british; rock; alternative; britpop; alternative rock; uk; arctic monkeys; post-punk,high-energy; upbeat; indie/alternative,broadly popular in sample,http://www.last.fm/music/Arctic+Monkeys
344,Taylor Swift,247,525292,2126.7,305,country; female vocalists; pop; singer-songwriter; acoustic; taylor swift; love; country pop; amazing; <3,upbeat; story-driven; vocal-forward,broadly popular in sample,http://www.last.fm/music/Taylor+Swift
298,Lily Allen,243,129352,532.3,194,pop; female vocalists; british; britpop; singer-songwriter; electropop; indie; uk; cute; 00s,upbeat; story-driven; indie/alternative; vocal-forward,well represented in sample,http://www.last.fm/music/Lily+Allen
173,Placebo,242,245878,1016.0,376,alternative; alternative rock; indie; rock; britpop; indie rock; british; seen live; 90s; cover,high-energy; upbeat; indie/alternative,broadly popular in sample,http://www.last.fm/music/Placebo
257,Mariah Carey,241,384307,1594.6,308,rnb; pop; female vocalists; soul; 90s; love; mariah carey; sexy; diva; ballad,upbeat; groove-led; vocal-forward,broadly popular in sample,http://www.last.fm/music/Mariah+Carey
230,Green Day,236,155321,658.1,263,punk rock; rock; punk; alternative; pop punk; alternative rock; 90s; 00s; american; green day,high-energy; upbeat; indie/alternative,broadly popular in sample,http://www.last.fm/music/Green+Day
228,Kings of Leon,235,148452,631.7,194,indie rock; rock; indie; alternative; southern rock; alternative rock; seen live; mellow; garage rock; male vocalists,high-energy; indie/alternative; vocal-forward,well represented in sample,http://www.last.fm/music/Kings+of+Leon
349,The Pussycat Dolls,233,130855,561.6,198,pop; rnb; dance; female vocalists; sexy; hip-hop; the pussycat dolls; american; favorites; female,upbeat; groove-led; vocal-forward,well represented in sample,http://www.last.fm/music/The+Pussycat+Dolls
159,The Cure,229,151103,659.8,312,new wave; 80s; post-punk; alternative; rock; alternative rock; indie; british; goth; gothic,high-energy; indie/alternative; dark,broadly popular in sample,http://www.last.fm/music/The+Cure
378,Evanescence,226,513476,2272.0,276,rock; female vocalists; gothic; alternative; gothic rock; alternative rock; metal; american; beautiful; evanescence,high-energy; indie/alternative; dark; vocal-forward,broadly popular in sample,http://www.last.fm/music/Evanescence
707,Metallica,224,371916,1660.3,346,metal; heavy metal; thrash metal; hard rock; rock; 80s; 90s; metallica; american; awesome,high-energy,broadly popular in sample,http://www.last.fm/music/Metallica
220,Red Hot Chili Peppers,222,116768,526.0,270,rock; alternative rock; alternative; funk; 90s; funk rock; classic rock; american; punk; cover,high-energy; groove-led; indie/alternative,well represented in sample,http://www.last.fm/music/Red+Hot+Chili+Peppers
486,30 Seconds to Mars,216,485532,2247.8,289,alternative rock; rock; alternative; emo; indie; 30 seconds to mars; male vocalists; awesome; progressive rock; seen live,high-energy; indie/alternative; vocal-forward,broadly popular in sample,http://www.last.fm/music/30+Seconds+to+Mars
533,Oasis,210,165975,790.4,309,britpop; rock; alternative; british; indie; alternative rock; 90s; indie rock; love; uk,high-energy; upbeat; indie/alternative,broadly popular in sample,http://www.last.fm/music/Oasis
299,Jennifer Lopez,209,144710,692.4,188,pop; dance; latin; rnb; female vocalists; female; female vocalist; sexy; 90s; amazing,upbeat; groove-led; vocal-forward,well represented in sample,http://www.last.fm/music/Jennifer+Lopez
959,Queen,208,114505,550.5,321,classic rock; rock; 80s; hard rock; 70s; british; glam rock; progressive rock; pop; classic,high-energy; upbeat,well represented in sample,http://www.last.fm/music/Queen
475,Eminem,204,321011,1573.6,274,rap; hip-hop; hip hop; eminem; pop; sexy; slim shady; american; catchy; love,upbeat; beat-focused,broadly popular in sample,http://www.last.fm/music/Eminem
599,David Bowie,198,133511,674.3,368,rock; classic rock; 80s; glam rock; alternative; british; 70s; 90s; electronic; experimental,high-energy; upbeat; indie/alternative,well represented in sample,http://www.last.fm/music/David+Bowie
1412,Led Zeppelin,196,203665,1039.1,339,classic rock; hard rock; rock; 70s; progressive rock; blues; british; acoustic; blues rock; psychedelic,high-energy; story-driven; groove-led,broadly popular in sample,http://www.last.fm/music/Led+Zeppelin
903,Amy Winehouse,195,213103,1092.8,242,soul; jazz; female vocalists; british; singer-songwriter; pop; blues; funk; 00s; female vocalist,upbeat; story-driven; groove-led; vocal-forward,broadly popular in sample,http://www.last.fm/music/Amy+Winehouse
511,U2,185,493024,2665.0,278,rock; classic rock; alternative; 80s; 90s; pop; irish; u2; seen live; alternative rock,high-energy; upbeat; indie/alternative,broadly popular in sample,http://www.last.fm/music/U2
424,The Strokes,184,130227,707.8,193,indie; rock; alternative; indie rock; alternative rock; garage rock; post-punk; 00s; the strokes; awesome,high-energy; indie/alternative,well represented in sample,http://www.last.fm/music/The+Strokes
325,Ashley Tisdale,182,166644,915.6,161,pop; dance; disney; female vocalists; ashley tisdale; pop rock; <3; guilty pleasure; teen pop; awesome,high-energy; upbeat; vocal-forward,broadly popular in sample,http://www.last.fm/music/Ashley+Tisdale
198,System of a Down,181,277397,1532.6,193,metal; alternative metal; rock; nu metal; alternative; alternative rock; system of a down; hard rock; american; heavy metal,high-energy; indie/alternative,broadly popular in sample,http://www.last.fm/music/System+of+a+Down
706,AC/DC,180,99820,554.6,192,hard rock; classic rock; rock; heavy metal; 80s; 70s; metal; 90s; blues rock; rock and roll,high-energy; groove-led,well represented in sample,http://www.last.fm/music/AC%252FDC
917,Iron Maiden,177,368710,2083.1,242,heavy metal; metal; nwobhm; hard rock; rock; seen live; 80s; new wave of british heavy metal; iron maiden; awesome,high-energy,broadly popular in sample,http://www.last.fm/music/Iron+Maiden
1090,Franz Ferdinand,173,82999,479.8,261,indie; indie rock; rock; alternative; britpop; british; alternative rock; 00s; scottish; pop,high-energy; upbeat; indie/alternative,well represented in sample,http://www.last.fm/music/Franz+Ferdinand
1098,Björk,172,202178,1175.5,439,electronic; alternative; experimental; female vocalists; icelandic; trip-hop; indie; electronica; ambient; singer-songwriter,upbeat; story-driven; chill; indie/alternative; beat-focused,broadly popular in sample,http://www.last.fm/music/Bj%C3%B6rk
318,Hilary Duff,169,123682,731.8,223,pop; dance; female vocalists; disney; hilary duff; pop rock; rock; amazing; american; favorites,high-energy; upbeat; vocal-forward,well represented in sample,http://www.last.fm/music/Hilary+Duff
982,Foo Fighters,164,88086,537.1,189,rock; alternative rock; alternative; grunge; hard rock; 90s; acoustic; american; pop rock; 00s,high-energy; upbeat; story-driven; indie/alternative,well represented in sample,http://www.last.fm/music/Foo+Fighters
429,The Smiths,162,91740,566.3,204,80s; indie; alternative; new wave; post-punk; rock; british; alternative rock; indie rock; uk,high-energy; indie/alternative,well represented in sample,http://www.last.fm/music/The+Smiths
1249,Guns N' Roses,161,133931,831.9,264,hard rock; rock; classic rock; 80s; metal; 90s; heavy metal; alternative; hair metal; american,high-energy; indie/alternative,well represented in sample,http://www.last.fm/music/Guns+N%27+Roses
310,Nelly Furtado,161,110218,684.6,226,pop; female vocalists; dance; rnb; canadian; folk; singer-songwriter; beautiful; female vocalist; sexy,upbeat; story-driven; groove-led; vocal-forward,well represented in sample,http://www.last.fm/music/Nelly+Furtado
294,Leona Lewis,160,162288,1014.3,129,female vocalists; rnb; pop; soul; love; ballad; british; beautiful; female vocalist; amazing,upbeat; groove-led; vocal-forward,broadly popular in sample,http://www.last.fm/music/Leona+Lewis
689,Florence + the Machine,159,113467,713.6,143,indie; indie pop; british; alternative; female vocalists; indie rock; amazing; folk; fun; love at first listen,high-energy; upbeat; story-driven; indie/alternative; vocal-forward,well represented in sample,http://www.last.fm/music/Florence%2B%252B%2Bthe%2BMachine
209,My Chemical Romance,157,159733,1017.4,186,rock; alternative; punk rock; emo; punk; alternative rock; screamo; my chemical romance; pop punk; seen live,high-energy; upbeat; indie/alternative,broadly popular in sample,http://www.last.fm/music/My+Chemical+Romance
328,David Guetta,155,63582,410.2,119,dance; house; electronic; 00s; sexy; techno; club; trance; 2009; female vocalists,upbeat; vocal-forward,well represented in sample,http://www.last.fm/music/David+Guetta
418,Sigur Rós,153,133955,875.5,288,ambient; post-rock; alternative; icelandic; experimental; indie; beautiful; chillout; post rock; electronic,high-energy; upbeat; chill; indie/alternative,well represented in sample,http://www.last.fm/music/Sigur+R%C3%B3s
544,Adam Lambert,153,115538,755.2,105,pop; rock; american idol; sexy; glam; love; male vocalists; dance; glam rock; adam lambert,high-energy; upbeat; vocal-forward,well represented in sample,http://www.last.fm/music/Adam+Lambert
464,3OH!3,152,94179,619.6,128,electronic; pop; dance; electronica; hip-hop; male vocalists; 2010; catchy; crunk; electropop,upbeat; vocal-forward,well represented in sample,http://www.last.fm/music/3OH%213
56,Daft Punk,151,176043,1165.8,209,electronic; dance; electronica; house; techno; electro; french; alternative; chillout; cool,upbeat; chill; indie/alternative,broadly popular in sample,http://www.last.fm/music/Daft+Punk
412,blink-182,150,102334,682.2,137,punk rock; pop punk; alternative; punk; rock; alternative rock; pop; <3; american; seen live,high-energy; upbeat; indie/alternative,well represented in sample,http://www.last.fm/music/blink-182
301,Alicia Keys,148,91066,615.3,185,soul; rnb; female vocalists; pop; singer-songwriter; piano; american; beautiful; ballad; jazz,upbeat; story-driven; groove-led; vocal-forward,well represented in sample,http://www.last.fm/music/Alicia+Keys
525,Gwen Stefani,145,65902,454.5,176,pop; dance; female vocalists; rock; alternative; pop rock; female; female vocalist; sexy; <3,high-energy; upbeat; indie/alternative; vocal-forward,well represented in sample,http://www.last.fm/music/Gwen+Stefani
686,Selena Gomez & the Scene,143,110123,770.1,96,pop; female vocalists; pop rock; <3; dance; disney; love at first listen; rock; selena gomez; awesome,high-energy; upbeat; vocal-forward,well represented in sample,http://www.last.fm/music/Selena%2BGomez%2B%2526%2Bthe%2BScene
1400,MGMT,143,86195,602.8,225,electronic; indie; alternative; psychedelic; indie rock; indie pop; dance; seen live; rock; awesome,high-energy; upbeat; indie/alternative,well represented in sample,http://www.last.fm/music/MGMT
441,Joy Division,141,99296,704.2,244,post-punk; new wave; 80s; alternative; british; indie; rock; alternative rock; post punk; 70s,high-energy; indie/alternative,well represented in sample,http://www.last.fm/music/Joy+Division
1104,Rammstein,140,129745,926.8,153,metal; industrial metal; industrial; rock; german; electronic; hard rock; heavy metal; 90s; alternative,high-energy; upbeat; indie/alternative,well represented in sample,http://www.last.fm/music/Rammstein
329,Justin Timberlake,140,91169,651.2,182,pop; rnb; dance; hip-hop; sexy; justin timberlake; male vocalists; hip hop; american; male vocalist,upbeat; groove-led; beat-focused; vocal-forward,well represented in sample,http://www.last.fm/music/Justin+Timberlake
538,Maroon 5,140,57009,407.2,176,pop; rock; pop rock; alternative; alternative rock; american; male vocalists; dance; indie; seen live,high-energy; upbeat; indie/alternative; vocal-forward,well represented in sample,http://www.last.fm/music/Maroon+5
868,The Doors,139,95880,689.8,207,classic rock; rock; psychedelic; 60s; psychedelic rock; blues; 70s; blues rock; oldies; american,high-energy; groove-led,well represented in sample,http://www.last.fm/music/The+Doors
233,Nine Inch Nails,138,160317,1161.7,231,industrial; rock; alternative; electronic; industrial rock; instrumental; 90s; alternative rock; seen live; ambient,high-energy; upbeat; chill; indie/alternative; cinematic,broadly popular in sample,http://www.last.fm/music/Nine+Inch+Nails
1246,Panic! At the Disco,135,120336,891.4,182,alternative; rock; emo; indie; alternative rock; pop punk; indie rock; pop; male vocalists; panic at the disco,high-energy; upbeat; indie/alternative; vocal-forward,well represented in sample,http://www.last.fm/music/Panic%21+At+the+Disco
217,Death Cab for Cutie,134,100298,748.5,202,indie; indie rock; alternative; rock; alternative rock; acoustic; indie pop; death cab for cutie; emo; love,high-energy; upbeat; story-driven; indie/alternative,well represented in sample,http://www.last.fm/music/Death+Cab+for+Cutie
331,Kanye West,134,94501,705.2,171,hip-hop; rap; hip hop; rnb; dance; kanye west; male vocalists; american; gay fish; 00s,upbeat; groove-led; beat-focused; vocal-forward,well represented in sample,http://www.last.fm/music/Kanye+West
7,Marilyn Manson,133,96201,723.3,178,metal; industrial; rock; industrial metal; alternative; american; cover; alternative metal; industrial rock; marilyn manson,high-energy; indie/alternative,well represented in sample,http://www.last.fm/music/Marilyn+Manson
316,Alanis Morissette,131,117229,894.9,214,female vocalists; rock; alternative; pop; singer-songwriter; alternative rock; 90s; pop rock; canadian; acoustic,high-energy; upbeat; story-driven; indie/alternative; vocal-forward,well represented in sample,http://www.last.fm/music/Alanis+Morissette
735,The Rolling Stones,131,87432,667.4,251,classic rock; rock; 60s; british; 70s; blues; 80s; rock and roll; 90s; hard rock,high-energy; groove-led,well represented in sample,http://www.last.fm/music/The+Rolling+Stones
1048,The Kooks,130,94398,726.1,169,indie; british; indie rock; britpop; rock; alternative; alternative rock; awesome; the kooks; cool,high-energy; upbeat; indie/alternative,well represented in sample,http://www.last.fm/music/The+Kooks
540,Fall Out Boy,130,79486,611.4,148,pop punk; rock; alternative; punk rock; emo; punk; alternative rock; pop; fall out boy; indie,high-energy; upbeat; indie/alternative,well represented in sample,http://www.last.fm/music/Fall+Out+Boy
182,Keane,129,75804,587.6,259,alternative; indie; britpop; british; rock; piano rock; pop; mellow; uk; beautiful,high-energy; upbeat; indie/alternative,well represented in sample,http://www.last.fm/music/Keane
681,Demi Lovato,128,139378,1088.9,149,pop; pop rock; disney; female vocalists; demi lovato; female vocalist; rock; <3; love at first listen; amazing,high-energy; upbeat; vocal-forward,well represented in sample,http://www.last.fm/music/Demi+Lovato
293,Ashlee Simpson,128,93828,733.0,199,pop; pop rock; female vocalists; dance; rock; female vocalist; ashlee simpson; female; guilty pleasure; teen pop,high-energy; upbeat; vocal-forward,well represented in sample,http://www.last.fm/music/Ashlee+Simpson
352,Cheryl Cole,128,67822,529.9,49,pop; female vocalists; rnb; british; dance; perfect; <3; 00s; 2009; electronic,upbeat; groove-led; vocal-forward,well represented in sample,http://www.last.fm/music/Cheryl+Cole
199,Arcade Fire,128,62735,490.1,149,indie; indie rock; alternative; rock; alternative rock; canadian; indie pop; folk; amazing; awesome,high-energy; upbeat; story-driven; indie/alternative,well represented in sample,http://www.last.fm/music/Arcade+Fire
425,Yeah Yeah Yeahs,128,53054,414.5,146,indie rock; indie; alternative; female vocalists; rock; alternative rock; punk; garage rock; dance; fucking awesome,high-energy; upbeat; indie/alternative; vocal-forward,well represented in sample,http://www.last.fm/music/Yeah+Yeah+Yeahs
1369,Black Sabbath,126,131397,1042.8,149,heavy metal; hard rock; classic rock; metal; rock; 70s; doom metal; british; 80s; black sabbath,high-energy; dark,well represented in sample,http://www.last.fm/music/Black+Sabbath
680,The Veronicas,126,114690,910.2,130,pop; pop rock; female vocalists; australian; dance; rock; electronic; awesome; electropop; indie pop,high-energy; upbeat; indie/alternative; vocal-forward,well represented in sample,http://www.last.fm/music/The+Veronicas
1934,Adele,126,75169,596.6,128,soul; female vocalists; singer-songwriter; british; indie; acoustic; chillout; jazz; piano; indie rock,high-energy; story-driven; groove-led; chill; indie/alternative,well represented in sample,http://www.last.fm/music/Adele
523,Lindsay Lohan,125,85160,681.3,152,pop; dance; pop rock; female vocalists; female vocalist; disney; rock; female; <3; female voices,high-energy; upbeat; vocal-forward,well represented in sample,http://www.last.fm/music/Lindsay+Lohan
225,Interpol,125,81822,654.6,151,indie; alternative; indie rock; post-punk; rock; alternative rock; seen live; interpol; post-punk revival; awesome,high-energy; indie/alternative,well represented in sample,http://www.last.fm/music/Interpol
614,Pearl Jam,124,251440,2027.7,136,grunge; alternative rock; rock; 90s; alternative; hard rock; pearl jam; 80s; atmospheric; awesome,high-energy; indie/alternative,broadly popular in sample,http://www.last.fm/music/Pearl+Jam
436,The Smashing Pumpkins,124,88270,711.9,177,alternative rock; alternative; rock; grunge; 90s; indie rock; awesome; indie; 00s; american,high-energy; indie/alternative,well represented in sample,http://www.last.fm/music/The+Smashing+Pumpkins
88,Gorillaz,124,69629,561.5,167,alternative; electronic; rock; hip-hop; indie; chillout; cool; dance; pop; british,high-energy; upbeat; chill; indie/alternative,well represented in sample,http://www.last.fm/music/Gorillaz
704,The Pretty Reckless,123,138049,1122.3,139,rock; alternative; female vocalists; indie rock; indie; alternative rock; love at first listen; post-grunge; <3; female vocalist,high-energy; indie/alternative; vocal-forward,well represented in sample,http://www.last.fm/music/The+Pretty+Reckless
161,Enrique Iglesias,121,97089,802.4,103,dance; latin; pop; love; male vocalists; ballad; duet; latin pop; sexy; enrique iglesias,upbeat; vocal-forward,well represented in sample,http://www.last.fm/music/Enrique+Iglesias
1672,Avenged Sevenfold,118,200949,1703.0,141,metalcore; hard rock; metal; hardcore; rock; heavy metal; a7x; alternative metal; screamo; avenged sevenfold,high-energy; indie/alternative,broadly popular in sample,http://www.last.fm/music/Avenged+Sevenfold
528,Pixie Lott,118,58312,494.2,87,pop; dance; female vocalists; british; love at first listen; female vocalist; love; <3; ballad; catchy,upbeat; vocal-forward,well represented in sample,http://www.last.fm/music/Pixie+Lott
226,Queens of the Stone Age,115,69833,607.2,131,rock; alternative rock; alternative; hard rock; stoner rock; grunge; seen live; 00s; experimental; groovy,high-energy; indie/alternative,well represented in sample,http://www.last.fm/music/Queens+of+the+Stone+Age
1375,Snow Patrol,115,57847,503.0,194,indie; alternative; indie rock; rock; britpop; british; alternative rock; chillout; beautiful; seen live,high-energy; upbeat; chill; indie/alternative,well represented in sample,http://www.last.fm/music/Snow+Patrol
203,Blur,114,318221,2791.4,207,britpop; rock; alternative; british; indie; alternative rock; indie rock; 90s; pop; fun,high-energy; upbeat; indie/alternative,broadly popular in sample,http://www.last.fm/music/Blur
1044,Slipknot,112,78363,699.7,146,metal; nu metal; heavy metal; rock; alternative metal; hard rock; nu-metal; alternative; acoustic; awesome,high-energy; story-driven; indie/alternative,well represented in sample,http://www.last.fm/music/Slipknot
966,Nickelback,112,41094,366.9,131,rock; alternative; alternative rock; hard rock; canadian; male vocalists; ballad; grunge; nickelback; post-grunge,high-energy; indie/alternative; vocal-forward,well represented in sample,http://www.last.fm/music/Nickelback
51,Duran Duran,111,348919,3143.4,381,80s; new wave; pop; new romantic; duran duran; synthpop; british; rock; 90s; electronic,high-energy; upbeat,broadly popular in sample,http://www.last.fm/music/Duran+Duran
238,Massive Attack,111,42195,380.1,239,trip-hop; electronic; chillout; downtempo; electronica; alternative; british; ambient; experimental; seen live,upbeat; chill; indie/alternative; beat-focused,well represented in sample,http://www.last.fm/music/Massive+Attack
757,Crystal Castles,110,59938,544.9,127,electronic; electro; electronica; 8-bit; new rave; dance; experimental; canadian; chillout; female vocalists,upbeat; chill; vocal-forward,well represented in sample,http://www.last.fm/music/Crystal+Castles
212,Bob Dylan,108,65145,603.2,168,folk; singer-songwriter; classic rock; 60s; blues; acoustic; folk rock; rock; 70s; 00s,high-energy; story-driven; groove-led,well represented in sample,http://www.last.fm/music/Bob+Dylan
972,t.A.T.u.,108,63661,589.5,145,pop; female vocalists; electronic; dance; russian; rock; 00s; alternative; electro; gay,high-energy; upbeat; indie/alternative; vocal-forward,well represented in sample,http://www.last.fm/music/t.A.T.u.
59,New Order,107,67259,628.6,247,new wave; 80s; electronic; post-punk; alternative; british; dance; indie; rock; electronica,high-energy; upbeat; indie/alternative,well represented in sample,http://www.last.fm/music/New+Order
324,Cobra Starship,107,55463,518.3,72,pop punk; rock; alternative; alternative rock; dance; indie rock; pop; electronic; indie; indie pop,high-energy; upbeat; indie/alternative,well represented in sample,http://www.last.fm/music/Cobra+Starship
709,The White Stripes,107,45355,423.9,171,rock; alternative rock; alternative; indie rock; indie; garage rock; hard rock; cover; 00s; awesome,high-energy; indie/alternative,well represented in sample,http://www.last.fm/music/The+White+Stripes
81,Portishead,107,43961,410.9,211,trip-hop; electronic; chillout; female vocalists; alternative; downtempo; electronica; british; trip hop; ambient,upbeat; chill; indie/alternative; beat-focused; vocal-forward,well represented in sample,http://www.last.fm/music/Portishead
314,Ciara,106,67979,641.3,112,rnb; pop; dance; hip-hop; female vocalists; hip hop; sexy; ciara; amazing; american,upbeat; groove-led; beat-focused; vocal-forward,well represented in sample,http://www.last.fm/music/Ciara
543,Nicole Scherzinger,105,73597,700.9,94,pop; rnb; female vocalists; sexy; dance; hip-hop; female; american; female vocalist; nicole scherzinger,upbeat; groove-led; vocal-forward,well represented in sample,http://www.last.fm/music/Nicole+Scherzinger
918,Megadeth,104,102662,987.1,148,thrash metal; heavy metal; metal; speed metal; 80s; 90s; megadeth; seen live; hard rock; rock,high-energy,well represented in sample,http://www.last.fm/music/Megadeth
1513,Ramones,104,73961,711.2,119,punk; punk rock; rock; 70s; classic rock; american; 80s; alternative; rock and roll; favorite songs,high-energy; indie/alternative,well represented in sample,http://www.last.fm/music/Ramones
907,Timbaland,104,56599,544.2,135,rnb; hip hop; hip-hop; pop; rap; dance; timbaland; electronic; 00s; american,upbeat; groove-led; beat-focused,well represented in sample,http://www.last.fm/music/Timbaland
930,Nightwish,103,83061,806.4,161,symphonic metal; metal; gothic metal; power metal; female vocalists; female fronted metal; gothic; heavy metal; finnish; rock,high-energy; dark; vocal-forward,well represented in sample,http://www.last.fm/music/Nightwish
458,Justin Bieber,100,200027,2000.3,105,pop; rnb; hip-hop; <3; gay; love at first listen; addictive; catchy; dance; love,upbeat; groove-led,broadly popular in sample,http://www.last.fm/music/Justin+Bieber
518,Within Temptation,98,78342,799.4,150,symphonic metal; gothic metal; metal; gothic; female fronted metal; female vocalists; rock; gothic rock; 90s; awesome,high-energy; dark; vocal-forward,well represented in sample,http://www.last.fm/music/Within+Temptation
187,a-ha,97,205195,2115.4,202,new wave; 80s; pop; synth pop; synthpop; electronic; norwegian; a-ha; dance; rock,high-energy; upbeat,broadly popular in sample,http://www.last.fm/music/a-ha
517,Korn,96,58163,605.9,126,nu metal; metal; alternative; rock; alternative metal; nu-metal; hard rock; 90s; seen live; 00s,high-energy; indie/alternative,well represented in sample,http://www.last.fm/music/Korn
715,R.E.M.,96,55137,574.3,154,rock; 90s; alternative rock; alternative; indie; 80s; classic rock; american; indie rock; male vocalists,high-energy; indie/alternative; vocal-forward,well represented in sample,http://www.last.fm/music/R.E.M.
320,Fergie,96,26323,274.2,92,pop; rnb; dance; female vocalists; hip-hop; hip hop; female; american; female vocalist; <3,upbeat; groove-led; beat-focused; vocal-forward,specialist favorite in sample,http://www.last.fm/music/Fergie
455,Backstreet Boys,95,153101,1611.6,128,pop; 90s; boybands; male vocalists; seen live; boyband; backstreet boys; bsb; love; american,upbeat; vocal-forward,broadly popular in sample,http://www.last.fm/music/Backstreet+Boys
439,Los Hermanos,95,100819,1061.3,91,brazilian; mpb; rock; alternative rock; brasil; indie; alternative; acoustic; brazil; brazilian rock,high-energy; story-driven; indie/alternative,well represented in sample,http://www.last.fm/music/Los+Hermanos
1244,Elvis Presley,95,76175,801.8,201,classic rock; oldies; rock; rock n roll; rock and roll; 60s; pop; soundtrack; 50s; covers,high-energy; upbeat; cinematic,well represented in sample,http://www.last.fm/music/Elvis+Presley
1116,Incubus,95,64897,683.1,100,rock; alternative rock; alternative; indie; 90s; american; funk; chillout; favorite songs; 90s rock,high-energy; groove-led; chill; indie/alternative,well represented in sample,http://www.last.fm/music/Incubus
1001,Pet Shop Boys,93,91869,987.8,255,80s; electronic; synthpop; pop; new wave; british; synth pop; 90s; dance; cover,upbeat,well represented in sample,http://www.last.fm/music/Pet+Shop+Boys
3057,Regina Spektor,92,65641,713.5,160,female vocalists; indie; piano; alternative; singer-songwriter; folk; american; anti-folk; beautiful; chillout,story-driven; chill; indie/alternative; vocal-forward,well represented in sample,http://www.last.fm/music/Regina+Spektor
562,The Who,92,58438,635.2,173,classic rock; rock; hard rock; british; 60s; 70s; mod; progressive rock; uk; epic,high-energy,well represented in sample,http://www.last.fm/music/The+Who
857,The Clash,92,33757,366.9,167,punk; punk rock; rock; british; classic rock; 80s; 70s; uk; cover; post-punk,high-energy,specialist favorite in sample,http://www.last.fm/music/The+Clash
285,Janet Jackson,91,120665,1326.0,191,pop; rnb; female vocalists; dance; soul; 90s; 80s; sexy; female; female vocalist,upbeat; groove-led; vocal-forward,well represented in sample,http://www.last.fm/music/Janet+Jackson
536,Good Charlotte,91,70828,778.3,116,punk rock; rock; pop punk; punk; alternative; male vocalists; alternative rock; pop rock; good charlotte; catchy,high-energy; upbeat; indie/alternative; vocal-forward,well represented in sample,http://www.last.fm/music/Good+Charlotte
1243,Mika,91,53918,592.5,137,pop; electronic; british; britpop; alternative; dance; singer-songwriter; male vocalists; happy; mika,upbeat; story-driven; indie/alternative; vocal-forward,well represented in sample,http://www.last.fm/music/Mika
2346,Aerosmith,91,44878,493.2,160,hard rock; classic rock; rock; 80s; 70s; 90s; american; soundtrack; alternative; classic,high-energy; indie/alternative; cinematic,specialist favorite in sample,http://www.last.fm/music/Aerosmith
468,Usher,91,44673,490.9,106,rnb; dance; hip-hop; soul; hip hop; rap; pop; male vocalists; usher; 90s,upbeat; groove-led; beat-focused; vocal-forward,specialist favorite in sample,http://www.last.fm/music/Usher
290,Jordin Sparks,89,72962,819.8,75,pop; rnb; american idol; female vocalists; jordin sparks; amazing; ballad; <3; american; american idol 6,upbeat; groove-led; vocal-forward,well represented in sample,http://www.last.fm/music/Jordin+Sparks
488,Three Days Grace,89,68306,767.5,94,alternative rock; rock; alternative; hard rock; metal; canadian; alternative metal; male vocalists; post-grunge; three days grace,high-energy; indie/alternative; vocal-forward,well represented in sample,http://www.last.fm/music/Three+Days+Grace
969,Kasabian,89,47200,530.3,131,indie; indie rock; alternative; rock; british; alternative rock; britpop; electronic; seen live; 00s,high-energy; upbeat; indie/alternative,specialist favorite in sample,http://www.last.fm/music/Kasabian
691,Owl City,89,36911,414.7,114,electronic; indie; electronica; powerpop; pop; male vocalists; synthpop; amazing; <3; alternative,upbeat; indie/alternative; vocal-forward,specialist favorite in sample,http://www.last.fm/music/Owl+City
526,La Roux,89,34090,383.0,85,dance; electronic; electropop; synthpop; female vocalists; indie; indietronica; british; pop; <3,upbeat; indie/alternative; vocal-forward,specialist favorite in sample,http://www.last.fm/music/La+Roux
1239,Weezer,88,32136,365.2,139,rock; alternative; alternative rock; indie rock; indie; 90s; 00s; american; awesome; california,high-energy; indie/alternative,specialist favorite in sample,http://www.last.fm/music/Weezer
1037,Nicki Minaj,87,53353,613.3,50,hip-hop; rap; sexy; rnb; hip hop; female vocalists; beautiful; catchy; dance; duet,upbeat; groove-led; beat-focused; vocal-forward,well represented in sample,http://www.last.fm/music/Nicki+Minaj
542,Pitty,87,50241,577.5,62,rock; female vocalists; alternative rock; brazilian; pitty; pop rock; brazilian rock; punk; alternative; brasil,high-energy; upbeat; indie/alternative; vocal-forward,well represented in sample,http://www.last.fm/music/Pitty
1358,Judas Priest,86,45672,531.1,139,heavy metal; hard rock; metal; classic rock; nwobhm; 80s; 70s; speed metal; as; hard,high-energy,specialist favorite in sample,http://www.last.fm/music/Judas+Priest
481,Simple Plan,86,44240,514.4,173,punk rock; rock; pop punk; punk; <3; emo; alternative; alternative rock; awesome; favorites,high-energy; upbeat; indie/alternative,specialist favorite in sample,http://www.last.fm/music/Simple+Plan
2521,Robyn,85,63510,747.2,81,pop; electronic; dance; female vocalists; swedish; electropop; sexy; 2008; female vocalist; 2007,upbeat; vocal-forward,well represented in sample,http://www.last.fm/music/Robyn
1406,The Offspring,85,58965,693.7,105,punk; punk rock; rock; 90s; alternative; alternative rock; american; pop punk; hard rock; 1994,high-energy; upbeat; indie/alternative,well represented in sample,http://www.last.fm/music/The+Offspring
70,Moby,85,44852,527.7,219,electronic; ambient; chillout; alternative; electronica; dance; indie; instrumental; pop; rock,high-energy; upbeat; chill; indie/alternative; cinematic,specialist favorite in sample,http://www.last.fm/music/Moby
210,Bloc Party,85,37500,441.2,121,indie; indie rock; rock; alternative; british; britpop; seen live; <3; 00s; aana,high-energy; upbeat; indie/alternative,specialist favorite in sample,http://www.last.fm/music/Bloc+Party
951,Bon Jovi,84,43252,514.9,176,rock; 80s; hard rock; classic rock; hair metal; 90s; glam metal; pop rock; love; pop,high-energy; upbeat,specialist favorite in sample,http://www.last.fm/music/Bon+Jovi
206,Beck,84,37576,447.3,170,alternative; indie; rock; singer-songwriter; electronic; alternative rock; experimental; folk; cover; seen live,high-energy; upbeat; story-driven; indie/alternative,specialist favorite in sample,http://www.last.fm/music/Beck
1186,Sum 41,83,55683,670.9,89,punk rock; punk; pop punk; rock; alternative; alternative rock; canadian; gossip girl; a piece of me; acoustic rock,high-energy; upbeat; story-driven; indie/alternative,well represented in sample,http://www.last.fm/music/Sum+41
172,Garbage,83,46606,561.5,172,rock; alternative; alternative rock; female vocalists; indie; 90s; grunge; james bond; singer-songwriter; soundtrack,high-energy; story-driven; indie/alternative; cinematic; vocal-forward,specialist favorite in sample,http://www.last.fm/music/Garbage
1613,Jay-Z,83,37521,452.1,110,hip-hop; rap; hip hop; jay-z; rnb; 00s; american; classic; cool; gossip girl,groove-led; beat-focused,specialist favorite in sample,http://www.last.fm/music/Jay-Z
913,Destiny's Child,83,34746,418.6,134,rnb; pop; female vocalists; hip-hop; soul; dance; female; 90s; american; female vocalist,upbeat; groove-led; vocal-forward,specialist favorite in sample,http://www.last.fm/music/Destiny%27s+Child
265,Céline Dion,82,83373,1016.7,157,female vocalists; pop; 90s; ballad; female vocalist; canadian; celine dion; easy listening; french; love,upbeat; vocal-forward,well represented in sample,http://www.last.fm/music/C%C3%A9line+Dion
191,OneRepublic,82,67187,819.4,160,alternative; rock; alternative rock; indie; pop rock; pop; beautiful; piano rock; amazing; indie rock,high-energy; upbeat; indie/alternative,well represented in sample,http://www.last.fm/music/OneRepublic
321,Jonas Brothers,82,61849,754.3,94,pop rock; pop; disney; rock; love; sweet; <3; guilty pleasure; happy; love song,high-energy; upbeat,well represented in sample,http://www.last.fm/music/Jonas+Brothers
58,Goldfrapp,82,54597,665.8,197,electronic; female vocalists; trip-hop; dance; electronica; alternative; british; experimental; ambient; indie,upbeat; chill; indie/alternative; beat-focused; vocal-forward,well represented in sample,http://www.last.fm/music/Goldfrapp
500,Bullet for My Valentine,82,51566,628.9,81,metalcore; metal; emo; hardcore; screamo; emocore; heavy metal; acoustic; hard rock; seen live,high-energy; story-driven,well represented in sample,http://www.last.fm/music/Bullet+for+My+Valentine
2343,KISS,82,44187,538.9,180,hard rock; classic rock; rock; 80s; 70s; glam rock; heavy metal; hair metal; seen live; amazing,high-energy,specialist favorite in sample,http://www.last.fm/music/KISS
703,The xx,82,43860,534.9,87,british; indie; electronic; post-punk; beautiful; dance; ambient; atmospheric; best song ever; dream pop,high-energy; upbeat; chill; indie/alternative,specialist favorite in sample,http://www.last.fm/music/The+xx
3200,Cansei de Ser Sexy,82,38781,472.9,125,indie; electronic; brazilian; alternative; female vocalists; indie rock; brasil; electro-rock; electroclash; pop,high-energy; upbeat; indie/alternative; vocal-forward,specialist favorite in sample,http://www.last.fm/music/Cansei+de+Ser+Sexy
1043,Boys Like Girls,82,37136,452.9,114,pop punk; rock; alternative; emo; alternative rock; indie; <3; love; boys like girls; dance,high-energy; upbeat; indie/alternative,specialist favorite in sample,http://www.last.fm/music/Boys+Like+Girls
808,Rise Against,81,80184,989.9,71,punk; punk rock; melodic hardcore; rock; alternative; hardcore; acoustic; alternative rock; hardcore punk; 00s,high-energy; story-driven; indie/alternative,well represented in sample,http://www.last.fm/music/Rise+Against
841,Slayer,81,62107,766.8,111,thrash metal; metal; heavy metal; speed metal; thrash; slayer; 80s; '80s; 1980s; 80s metal,high-energy,well represented in sample,http://www.last.fm/music/Slayer
296,Sugababes,81,59353,732.8,100,pop; dance; rnb; female vocalists; british; sexy; ballad; favorites; female; girl groups,upbeat; groove-led; vocal-forward,well represented in sample,http://www.last.fm/music/Sugababes
311,Natasha Bedingfield,81,39111,482.9,92,pop; female vocalists; british; dance; female vocalist; singer-songwriter; britpop; rnb; seen live; soul,upbeat; story-driven; groove-led; vocal-forward,specialist favorite in sample,http://www.last.fm/music/Natasha+Bedingfield
386,Cascada,81,35347,436.4,116,dance; female vocalists; pop; trance; electronic; techno; 00s; german; cascada; catchy,upbeat; vocal-forward,specialist favorite in sample,http://www.last.fm/music/Cascada
1131,Tool,80,76012,950.1,129,progressive metal; progressive rock; alternative; metal; rock; 90s; alternative metal; progressive; psychedelic; tool,high-energy; indie/alternative,well represented in sample,http://www.last.fm/music/Tool
854,Alice in Chains,80,49014,612.7,124,grunge; alternative rock; hard rock; rock; alternative; 90s; alice in chains; alternative metal; heavy metal; metal,high-energy; indie/alternative,specialist favorite in sample,http://www.last.fm/music/Alice+in+Chains
430,Kate Nash,80,45886,573.6,136,female vocalists; indie; british; indie pop; pop; singer-songwriter; piano; folk; 2010; alternative,upbeat; story-driven; indie/alternative; vocal-forward,specialist favorite in sample,http://www.last.fm/music/Kate+Nash
2083,M.I.A.,80,42418,530.2,107,electronic; dance; hip-hop; indie; female vocalists; alternative; hip hop; alternative hip-hop; british; electro,upbeat; indie/alternative; beat-focused; vocal-forward,specialist favorite in sample,http://www.last.fm/music/M.I.A.
97,Duffy,80,40042,500.5,85,soul; female vocalists; british; pop; love at first listen; singer-songwriter; <3; jazz; love; addiction,upbeat; story-driven; groove-led; vocal-forward,specialist favorite in sample,http://www.last.fm/music/Duffy
546,The Ting Tings,80,22518,281.5,175,electronic; indie; british; electropop; female vocalists; pop; dance; alternative; indie pop; indie rock,high-energy; upbeat; indie/alternative; vocal-forward,specialist favorite in sample,http://www.last.fm/music/The+Ting+Tings
683,John Mayer,79,70360,890.6,146,acoustic; singer-songwriter; rock; acoustic rock; alternative; blues; pop; alternative rock; folk; indie,high-energy; upbeat; story-driven; groove-led; indie/alternative,well represented in sample,http://www.last.fm/music/John+Mayer
618,Belle and Sebastian,79,49881,631.4,101,indie; indie pop; alternative; indie rock; twee; folk; rock; british; pop; acoustic,high-energy; upbeat; story-driven; indie/alternative,specialist favorite in sample,http://www.last.fm/music/Belle+and+Sebastian
327,Chris Brown,79,33055,418.4,103,rnb; hip hop; hip-hop; rap; chris brown; love; dance; pop; <3; love at first listen,upbeat; groove-led; beat-focused,specialist favorite in sample,http://www.last.fm/music/Chris+Brown
497,Papa Roach,78,43559,558.4,99,alternative; nu metal; rock; alternative rock; metal; <3; 00s; hard rock; seen live; alternative metal,high-energy; indie/alternative,specialist favorite in sample,http://www.last.fm/music/Papa+Roach
1377,The Fray,78,37800,484.6,106,alternative; indie; rock; alternative rock; piano rock; american; beautiful; british; chillout; indie rock,high-energy; chill; indie/alternative,specialist favorite in sample,http://www.last.fm/music/The+Fray
1390,Vampire Weekend,78,35056,449.4,119,indie; indie rock; indie pop; alternative; rock; happy; pop; 00s; awesome; cool,high-energy; upbeat; indie/alternative,specialist favorite in sample,http://www.last.fm/music/Vampire+Weekend
687,All Time Low,77,215777,2802.3,90,pop punk; rock; powerpop; alternative; <3; male vocalists; punk; acoustic; addictive; alternative rock,high-energy; upbeat; story-driven; indie/alternative; vocal-forward,broadly popular in sample,http://www.last.fm/music/All+Time+Low
816,A Day to Remember,77,90365,1173.6,86,post-hardcore; hardcore; pop punk; screamo; metalcore; emocore; a day to remember; acoustic; melodic hardcore; <3,high-energy; upbeat; story-driven,well represented in sample,http://www.last.fm/music/A+Day+to+Remember
155,Robbie Williams,77,54825,712.0,116,pop; britpop; rock; british; 90s; alternative; male vocalists; singer-songwriter; 00s; 80s,high-energy; upbeat; story-driven; indie/alternative; vocal-forward,well represented in sample,http://www.last.fm/music/Robbie+Williams
548,Ellie Goulding,77,48631,631.6,77,electronic; female vocalists; indie; indie pop; british; pop; the vampire diaries; alternative; cover; electropop,upbeat; indie/alternative; vocal-forward,specialist favorite in sample,http://www.last.fm/music/Ellie+Goulding
432,Klaxons,77,30083,390.7,104,indie; indie rock; new rave; british; electronic; alternative rock; alternative; electro; experimental; new wave,high-energy; upbeat; indie/alternative,specialist favorite in sample,http://www.last.fm/music/Klaxons
859,Pixies,77,28038,364.1,82,alternative; indie; alternative rock; rock; indie rock; post-punk; 80s; 90s; college rock; pixies,high-energy; indie/alternative,specialist favorite in sample,http://www.last.fm/music/Pixies
1459,Carrie Underwood,76,126314,1662.0,108,country; female vocalists; pop; american idol; american; country pop; female; amazing; carrie underwood; favorites,upbeat; story-driven; vocal-forward,well represented in sample,http://www.last.fm/music/Carrie+Underwood
920,Dream Theater,76,65886,866.9,73,progressive metal; progressive rock; metal; heavy metal; progressive; rock; 90s; prog metal; 00s; beatiful,high-energy,well represented in sample,http://www.last.fm/music/Dream+Theater
908,Vanessa Hudgens,76,40837,537.3,91,pop; disney; female vocalists; <3; amazing; american; dance; love at first listen; rnb; vanessa hudgens,upbeat; groove-led; vocal-forward,specialist favorite in sample,http://www.last.fm/music/Vanessa+Hudgens
1372,Deep Purple,76,40664,535.1,164,hard rock; classic rock; progressive rock; rock; heavy metal; 70s; seen live; 60s; 80s; deep purple,high-energy,specialist favorite in sample,http://www.last.fm/music/Deep+Purple
1099,The Prodigy,76,40473,532.5,140,electronic; dance; industrial; electronica; techno; 90s; british; big beat; breakbeat; experimental,upbeat,specialist favorite in sample,http://www.last.fm/music/The+Prodigy
176,Scorpions,76,24799,326.3,117,hard rock; heavy metal; 80s; rock; classic rock; 70s; seen live; 90s; german; metal,high-energy,specialist favorite in sample,http://www.last.fm/music/Scorpions
615,Elliott Smith,75,59821,797.6,67,indie; singer-songwriter; folk; acoustic; indie rock; 80s; 90s; alternative; best songs of the 00s; favorites,high-energy; story-driven; indie/alternative,well represented in sample,http://www.last.fm/music/Elliott+Smith
53,Air,75,44230,589.7,173,electronic; ambient; chillout; trip-hop; downtempo; electronica; french; alternative; 90s; indie,upbeat; chill; indie/alternative; beat-focused,specialist favorite in sample,http://www.last.fm/music/Air
196,Beirut,75,37812,504.2,62,folk; indie; singer-songwriter; gypsy; indie folk; mellow; acoustic; experimental; indie rock; seen live,high-energy; story-driven; indie/alternative,specialist favorite in sample,http://www.last.fm/music/Beirut
403,The All-American Rejects,75,36370,484.9,117,rock; alternative; pop punk; punk; alternative rock; pop rock; punk rock; emo; male vocalists; indie,high-energy; upbeat; indie/alternative; vocal-forward,specialist favorite in sample,http://www.last.fm/music/The+All-American+Rejects
716,Kaiser Chiefs,75,27569,367.6,181,indie rock; indie; britpop; rock; alternative; british; alternative rock; seen live; uk; 00s,high-energy; upbeat; indie/alternative,specialist favorite in sample,http://www.last.fm/music/Kaiser+Chiefs
317,Keri Hilson,75,26534,353.8,51,rnb; pop; female vocalists; 00s; hip hop; love; sexy; singer-songwriter; 2009; 4m4zinq,upbeat; story-driven; groove-led; beat-focused; vocal-forward,specialist favorite in sample,http://www.last.fm/music/Keri+Hilson
718,Johnny Cash,74,37211,502.9,121,country; folk; singer-songwriter; classic rock; rock; acoustic; cover; americana; johnny cash; 50s,high-energy; story-driven,specialist favorite in sample,http://www.last.fm/music/Johnny+Cash
504,HIM,73,71488,979.3,114,rock; gothic rock; metal; finnish; love metal; alternative; gothic metal; gothic; hard rock; alternative rock,high-energy; indie/alternative; dark,well represented in sample,http://www.last.fm/music/HIM
537,The Used,73,61679,844.9,83,rock; screamo; emo; alternative; punk; alternative rock; post-hardcore; best bands; 00s; 2002,high-energy; indie/alternative,well represented in sample,http://www.last.fm/music/The+Used
1464,ABBA,73,50132,686.7,183,pop; 70s; 80s; disco; dance; swedish; female vocalists; 1970s; abba; old,upbeat; vocal-forward,well represented in sample,http://www.last.fm/music/ABBA
646,RBD,73,44182,605.2,50,pop; latin pop; spanish; latin; mexican; <3; alternative; basic pop; beautiful; best,upbeat; indie/alternative,specialist favorite in sample,http://www.last.fm/music/RBD
366,Jack Johnson,73,39882,546.3,73,acoustic; singer-songwriter; alternative; mellow; chillout; folk; indie; pop; rock; acoustic rock,high-energy; upbeat; story-driven; chill; indie/alternative,specialist favorite in sample,http://www.last.fm/music/Jack+Johnson
779,Bring Me The Horizon,72,78578,1091.4,66,deathcore; metalcore; hardcore; screamo; metal; <3; awesome; best song ever; dnb; emo,high-energy,well represented in sample,http://www.last.fm/music/Bring+Me+The+Horizon
843,Pantera,72,62838,872.8,106,thrash metal; metal; groove metal; heavy metal; 90s; power metal; pantera; rock; 1990; 80s,high-energy,well represented in sample,http://www.last.fm/music/Pantera
1042,Bruno Mars,72,20997,291.6,26,rnb; love; male vocalists; pop; love at first listen; <3; 2010s; addictive; amazing; ballad,upbeat; groove-led; vocal-forward,specialist favorite in sample,http://www.last.fm/music/Bruno+Mars
152,Porcupine Tree,71,88594,1247.8,86,progressive rock; psychedelic; progressive; progressive metal; rock; alternative; british; psychedelic rock; beautiful; steven wilson,high-energy; indie/alternative,well represented in sample,http://www.last.fm/music/Porcupine+Tree
64,Röyksopp,71,47993,676.0,149,electronic; chillout; electronica; ambient; norwegian; trip-hop; downtempo; electro; dance; brilliant,upbeat; chill; beat-focused,specialist favorite in sample,http://www.last.fm/music/R%C3%B6yksopp
1360,Motörhead,71,31791,447.8,94,heavy metal; hard rock; metal; speed metal; rock; classic rock; rock and roll; rock n roll; thrash metal; 1008,high-energy,specialist favorite in sample,http://www.last.fm/music/Mot%C3%B6rhead
499,Flyleaf,70,75634,1080.5,90,alternative rock; female vocalists; rock; alternative; hard rock; christian rock; american; metal; acoustic; alternative metal,high-energy; story-driven; indie/alternative; vocal-forward,well represented in sample,http://www.last.fm/music/Flyleaf
166,The Cranberries,70,31367,448.1,124,alternative; female vocalists; 90s; rock; alternative rock; irish; beautiful; female vocalist; indie; indie rock,high-energy; indie/alternative; vocal-forward,specialist favorite in sample,http://www.last.fm/music/The+Cranberries
1032,Jessie J,70,29701,424.3,37,pop; rnb; british; singer-songwriter; catchy; female vocalists; 0 play yet; 10s; 2011; addictive,upbeat; story-driven; groove-led; vocal-forward,specialist favorite in sample,http://www.last.fm/music/Jessie+J
1379,Hurts,70,27871,398.2,69,electronic; synthpop; british; new wave; alternative; indie; male vocalists; dance; pop; ballad,upbeat; indie/alternative; vocal-forward,specialist favorite in sample,http://www.last.fm/music/Hurts
1639,Jimi Hendrix,70,24567,351.0,143,classic rock; blues; psychedelic; rock; 60s; psychedelic rock; guitar; hard rock; blues rock; guitar virtuoso,high-energy; groove-led,specialist favorite in sample,http://www.last.fm/music/Jimi+Hendrix
1047,McFly,69,83954,1216.7,110,british; pop rock; pop; rock; britpop; awesome; love; amazing; catchy; fun,high-energy; upbeat,well represented in sample,http://www.last.fm/music/McFly
748,Boards of Canada,69,74039,1073.0,138,ambient; chillout; idm; electronic; electronica; experimental; downtempo; trip-hop; instrumental; mellow,upbeat; chill; cinematic; beat-focused,well represented in sample,http://www.last.fm/music/Boards+of+Canada
1180,Escape The Fate,69,71434,1035.3,79,post-hardcore; screamo; hardcore; emo; rock; emocore; hard rock; metal; metalcore; not emo,high-energy,well represented in sample,http://www.last.fm/music/Escape+The+Fate
1470,Lifehouse,69,71250,1032.6,139,alternative; rock; alternative rock; indie; pop; pop rock; acoustic; indie rock; love; male vocalists,high-energy; upbeat; story-driven; indie/alternative; vocal-forward,well represented in sample,http://www.last.fm/music/Lifehouse
1854,Breaking Benjamin,69,52706,763.9,95,rock; alternative rock; hard rock; alternative; metal; post-grunge; alternative metal; nu metal; 00s; 4m4zinq,high-energy; indie/alternative,well represented in sample,http://www.last.fm/music/Breaking+Benjamin
1109,Yann Tiersen,69,43972,637.3,125,instrumental; french; soundtrack; classical; piano; beautiful; chillout; ambient; contemporary classical; minimalism,chill; cinematic,specialist favorite in sample,http://www.last.fm/music/Yann+Tiersen
342,Colbie Caillat,69,40510,587.1,80,female vocalists; acoustic; pop; singer-songwriter; indie; indie pop; love; pop rock; alternative; female vocalist,high-energy; upbeat; story-driven; indie/alternative; vocal-forward,specialist favorite in sample,http://www.last.fm/music/Colbie+Caillat
221,Travis,69,34165,495.1,142,britpop; alternative; indie; rock; british; alternative rock; indie rock; male vocalists; scottish; acoustic,high-energy; upbeat; story-driven; indie/alternative; vocal-forward,specialist favorite in sample,http://www.last.fm/music/Travis
1106,Phoenix,69,23881,346.1,107,indie; indie pop; electronic; rock; french; alternative; indie rock; pop; seen live; alternative rock,high-energy; upbeat; indie/alternative,specialist favorite in sample,http://www.last.fm/music/Phoenix
531,Taio Cruz,69,15014,217.6,34,rnb; dance; pop; hip-hop; 00s; 10s; 2010; ballad; british; catchy,upbeat; groove-led,specialist favorite in sample,http://www.last.fm/music/Taio+Cruz
188,Opeth,68,79847,1174.2,99,progressive metal; progressive death metal; metal; death metal; progressive rock; extreme progressive metal; heavy metal; melancholic; melodic death metal; progressive,high-energy; dark,well represented in sample,http://www.last.fm/music/Opeth
1034,Kerli,68,61748,908.1,127,alternative; pop; rock; electronic; female vocalists; alternative rock; electropop; bubblegoth; estonian; perfect,high-energy; upbeat; indie/alternative; dark; vocal-forward,well represented in sample,http://www.last.fm/music/Kerli
532,Little Boots,68,34002,500.0,79,dance; electronic; pop; female vocalists; electropop; british; disco; alternative; electro; electronica,upbeat; indie/alternative; vocal-forward,specialist favorite in sample,http://www.last.fm/music/Little+Boots
1974,Rage Against the Machine,68,31514,463.4,91,alternative; alternative rock; rock; metal; 90s; hard rock; nu metal; alternative metal; political; rapcore,high-energy; indie/alternative; beat-focused,specialist favorite in sample,http://www.last.fm/music/Rage+Against+the+Machine
503,In Flames,67,237148,3539.5,102,melodic death metal; death metal; metal; swedish metal; swedish; heavy metal; alternative metal; metalcore; acoustic; anders,high-energy; story-driven; indie/alternative; dark,broadly popular in sample,http://www.last.fm/music/In+Flames
906,Girls Aloud,67,80222,1197.3,113,pop; dance; british; female vocalists; amazing; girl groups; 00s; better than the a-side; electronic; seen live,upbeat; vocal-forward,well represented in sample,http://www.last.fm/music/Girls+Aloud
512,Deftones,67,62933,939.3,97,metal; nu metal; alternative; alternative rock; alternative metal; rock; 90s; deftones; 00s; 90s rock,high-energy; indie/alternative,well represented in sample,http://www.last.fm/music/Deftones
802,Anahí,67,51602,770.2,99,pop; dance; female vocalists; latin pop; britney spears; latin; sexy; <3; anahi; beautiful,upbeat; vocal-forward,well represented in sample,http://www.last.fm/music/Anah%C3%AD
863,The Velvet Underground,67,22356,333.7,151,psychedelic; classic rock; alternative; rock; proto-punk; 60s; 70s; experimental; art rock; experimental rock,high-energy; indie/alternative,specialist favorite in sample,http://www.last.fm/music/The+Velvet+Underground
1075,IAMX,66,52137,790.0,107,electronic; synthpop; alternative; trip-hop; british; electro; iamx; sexy; chillout; dance,upbeat; chill; indie/alternative; beat-focused,well represented in sample,http://www.last.fm/music/IAMX
724,Ozzy Osbourne,66,35924,544.3,126,heavy metal; hard rock; metal; 80s; classic rock; rock; ozzy osbourne; 90s; cover; seen live,high-energy,specialist favorite in sample,http://www.last.fm/music/Ozzy+Osbourne
535,Sophie Ellis-Bextor,66,30324,459.5,75,dance; pop; british; female vocalists; electronic; britpop; disco; electronica; uk; 00s,upbeat; vocal-forward,specialist favorite in sample,http://www.last.fm/music/Sophie+Ellis-Bextor
603,Aphex Twin,65,34321,528.0,121,ambient; electronic; idm; electronica; experimental; techno; acid; braindance; chillout; downtempo,upbeat; chill,specialist favorite in sample,http://www.last.fm/music/Aphex+Twin
790,Belinda,65,30446,468.4,44,pop; female vocalists; latin; dance; latin pop; mexican; pop rock; sexy; <3; amazing,high-energy; upbeat; vocal-forward,specialist favorite in sample,http://www.last.fm/music/Belinda
1415,Creedence Clearwater Revival,65,18449,283.8,111,classic rock; rock; 60s; southern rock; folk; 70s; blues; folk rock; rock and roll; covers,high-energy; story-driven; groove-led,specialist favorite in sample,http://www.last.fm/music/Creedence+Clearwater+Revival
465,Jessica Simpson,64,38190,596.7,105,pop; dance; female vocalists; country; female; female vocalist; ballad; jessica simpson; american; beautiful,upbeat; story-driven; vocal-forward,specialist favorite in sample,http://www.last.fm/music/Jessica+Simpson
733,John Lennon,64,23102,361.0,170,classic rock; rock; singer-songwriter; british; 70s; pop; male vocalists; 80s; alternative; epic,high-energy; upbeat; story-driven; indie/alternative; vocal-forward,specialist favorite in sample,http://www.last.fm/music/John+Lennon
1045,Fresno,63,70589,1120.5,67,rock; emo; alternative; brazilian; emocore; hardcore; <3; rio grande do sul; acoustic; amazing,high-energy; story-driven; indie/alternative,well represented in sample,http://www.last.fm/music/Fresno
2094,BoA,63,54663,867.7,75,j-pop; k-pop; female vocalists; korean; pop; dance; electronic; female; female vocalist; rnb,upbeat; groove-led; vocal-forward,well represented in sample,http://www.last.fm/music/BoA
961,Tori Amos,63,49603,787.3,118,female vocalists; singer-songwriter; alternative; piano; alternative rock; rock; beautiful; pop; 90s; american,high-energy; upbeat; story-driven; indie/alternative; vocal-forward,specialist favorite in sample,http://www.last.fm/music/Tori+Amos
1118,A Perfect Circle,62,53915,869.6,93,alternative rock; progressive rock; rock; alternative; metal; hard rock; progressive metal; cover; melancholy; progressive,high-energy; indie/alternative,well represented in sample,http://www.last.fm/music/A+Perfect+Circle
690,Marina & the Diamonds,62,27304,440.4,56,indie; female vocalists; indie pop; alternative; british; electronic; pop; alternative pop; female vocalist; singer-songwriter,upbeat; story-driven; indie/alternative; vocal-forward,specialist favorite in sample,http://www.last.fm/music/Marina%2B%2526%2Bthe%2BDiamonds
332,Kelly Rowland,62,24585,396.5,61,rnb; dance; pop; female vocalists; sexy; soul; kelly rowland; urban; ballad; beyonce,upbeat; groove-led; vocal-forward,specialist favorite in sample,http://www.last.fm/music/Kelly+Rowland
714,Legião Urbana,61,27680,453.8,37,80s; rock; brazilian; brazilian rock; alternative rock; bizarro; brasil; brazil; classic; classic rock,high-energy; indie/alternative,specialist favorite in sample,http://www.last.fm/music/Legi%C3%A3o+Urbana
184,James Blunt,61,23910,392.0,105,pop; singer-songwriter; acoustic; male vocalists; british; britpop; indie; alternative; beautiful; chillout,upbeat; story-driven; chill; indie/alternative; vocal-forward,specialist favorite in sample,http://www.last.fm/music/James+Blunt
2277,Feist,61,21972,360.2,105,indie; female vocalists; indie pop; singer-songwriter; folk; canadian; mellow; pop; acoustic; indie rock,high-energy; upbeat; story-driven; indie/alternative; vocal-forward,specialist favorite in sample,http://www.last.fm/music/Feist
1455,B.o.B,61,17718,290.5,25,hip-hop; rap; hip hop; love at first listen; <3; addictive; amazing; cool; duet; excellent reason for crying,beat-focused,specialist favorite in sample,http://www.last.fm/music/B.o.B
323,The Saturdays,60,54909,915.1,44,pop; british; dance; female vocalists; girl band; girl groups; pop rock; rnb; sexy; baranyiz loves it,high-energy; upbeat; groove-led; vocal-forward,well represented in sample,http://www.last.fm/music/The+Saturdays
2531,Morrissey,60,48397,806.6,127,british; alternative; indie; 80s; rock; seen live; post-punk; 90s; singer-songwriter; uk,high-energy; story-driven; indie/alternative,specialist favorite in sample,http://www.last.fm/music/Morrissey
978,Disturbed,60,44959,749.3,100,metal; nu metal; hard rock; rock; alternative; alternative metal; heavy metal; nu-metal; 90s; 90s rock,high-energy; indie/alternative,specialist favorite in sample,http://www.last.fm/music/Disturbed
355,Jason Mraz,60,40288,671.5,148,acoustic; pop; singer-songwriter; alternative; rock; indie; folk; love; male vocalists; mellow,high-energy; upbeat; story-driven; indie/alternative; vocal-forward,specialist favorite in sample,http://www.last.fm/music/Jason+Mraz
2523,Spice Girls,60,31309,521.8,121,pop; 90s; british; dance; female vocalists; guilty pleasures; seen live; 1990s; 90's; 90s pop,upbeat; vocal-forward,specialist favorite in sample,http://www.last.fm/music/Spice+Girls
326,JoJo,60,23611,393.5,53,pop; female vocalists; jojo; rnb; american; favorites; female; soul; teen pop; catchy,upbeat; groove-led; vocal-forward,specialist favorite in sample,http://www.last.fm/music/JoJo
222,Modest Mouse,59,40203,681.4,85,indie rock; indie; alternative; rock; alternative rock; indie pop; awesome; sad; seen live; 90s,high-energy; upbeat; indie/alternative,specialist favorite in sample,http://www.last.fm/music/Modest+Mouse
622,Sufjan Stevens,59,39491,669.3,98,folk; indie; singer-songwriter; alternative; acoustic; beautiful; indie folk; mellow; american; 00s,story-driven; indie/alternative,specialist favorite in sample,http://www.last.fm/music/Sufjan+Stevens
1504,Sonic Youth,59,34222,580.0,105,alternative; experimental; post-punk; indie; indie rock; noise; rock; seen live; 80s; alternative rock,high-energy; indie/alternative,specialist favorite in sample,http://www.last.fm/music/Sonic+Youth
889,Cyndi Lauper,58,94551,1630.2,135,80s; pop; new wave; female vocalists; rock; dance; cover; female; singer-songwriter; alternative,high-energy; upbeat; story-driven; indie/alternative; vocal-forward,well represented in sample,http://www.last.fm/music/Cyndi+Lauper
1713,Dave Gahan,58,55944,964.6,133,electronic; alternative; new wave; synthpop; rock; british; depeche mode; dave gahan; synth pop; 00s,high-energy; upbeat; indie/alternative,well represented in sample,http://www.last.fm/music/Dave+Gahan
534,No Doubt,58,38608,665.7,137,alternative; pop; rock; 90s; female vocalists; alternative rock; pop rock; punk; ska; new wave,high-energy; upbeat; indie/alternative; vocal-forward,specialist favorite in sample,http://www.last.fm/music/No+Doubt
428,The Libertines,58,37532,647.1,86,indie; indie rock; british; rock; alternative; britpop; punk; alternative rock; acoustic; amazing,high-energy; upbeat; story-driven; indie/alternative,specialist favorite in sample,http://www.last.fm/music/The+Libertines
1122,The Police,58,29138,502.4,136,80s; rock; classic rock; new wave; british; pop; alternative; english; seen live; 1979 songs,high-energy; upbeat; indie/alternative,specialist favorite in sample,http://www.last.fm/music/The+Police
2020,Leighton Meester,57,75372,1322.3,75,gossip girl; pop; dance; female vocalists; leighton meester; <3; diva; electropop; love; 2010,upbeat; vocal-forward,well represented in sample,http://www.last.fm/music/Leighton+Meester
423,Bat for Lashes,57,42305,742.2,124,indie; alternative; female vocalists; folk; singer-songwriter; ambient; british; chillout; experimental; indie pop,upbeat; story-driven; chill; indie/alternative; vocal-forward,specialist favorite in sample,http://www.last.fm/music/Bat+for+Lashes
71,Dido,57,39172,687.2,102,female vocalists; pop; alternative; british; singer-songwriter; chillout; 90s; acoustic; electronic; female vocalist,upbeat; story-driven; chill; indie/alternative; vocal-forward,specialist favorite in sample,http://www.last.fm/music/Dido
1424,Cat Power,57,35947,630.6,108,folk; female vocalists; indie; singer-songwriter; alternative; acoustic; mellow; rock; alternative rock; blues,high-energy; story-driven; groove-led; indie/alternative; vocal-forward,specialist favorite in sample,http://www.last.fm/music/Cat+Power
330,T.I.,57,27607,484.3,49,hip-hop; rap; hip hop; dirty south; amazing; american; christina aguilera; dance; jams; male vocalists,upbeat; beat-focused; vocal-forward,specialist favorite in sample,http://www.last.fm/music/T.I.
632,Explosions in the Sky,57,24476,429.4,92,post-rock; instrumental; ambient; experimental; epic; beautiful; chillout; indie; indie rock; post rock,high-energy; chill; indie/alternative; cinematic,specialist favorite in sample,http://www.last.fm/music/Explosions+in+the+Sky
726,Apocalyptica,56,43644,779.4,116,instrumental; metal; symphonic metal; rock; heavy metal; finnish; gothic; alternative; apocalyptic; awesome,high-energy; indie/alternative; cinematic; dark,specialist favorite in sample,http://www.last.fm/music/Apocalyptica
851,Manic Street Preachers,56,36669,654.8,88,britpop; rock; indie; alternative rock; alternative; british; seen live; 90s; uk; 80s,high-energy; upbeat; indie/alternative,specialist favorite in sample,http://www.last.fm/music/Manic+Street+Preachers
1062,Ladytron,56,33892,605.2,161,electronic; synthpop; electropop; electroclash; electro; electronica; female vocalists; dance; alternative; british,upbeat; indie/alternative; vocal-forward,specialist favorite in sample,http://www.last.fm/music/Ladytron
697,Sia,56,27597,492.8,108,female vocalists; indie; chillout; downtempo; trip-hop; electronic; beautiful; female vocalist; mellow; alternative,upbeat; chill; indie/alternative; beat-focused; vocal-forward,specialist favorite in sample,http://www.last.fm/music/Sia
484,Ne-Yo,56,14332,255.9,53,rnb; hip-hop; pop; soul; dance; hip hop; male vocalists; 0 play yet; catchy; david guetta,upbeat; groove-led; beat-focused; vocal-forward,specialist favorite in sample,http://www.last.fm/music/Ne-Yo
416,The National,55,49647,902.7,60,indie rock; indie; alternative; alternative rock; rock; seen live; love at first listen; post-punk; 00s; 2010,high-energy; indie/alternative,specialist favorite in sample,http://www.last.fm/music/The+National
340,Cher,55,41552,755.5,106,pop; dance; female vocalists; 80s; 90s; cher; disco; rock; 70s; american,high-energy; upbeat; vocal-forward,specialist favorite in sample,http://www.last.fm/music/Cher
440,Animal Collective,55,40234,731.5,86,experimental; indie; folk; indie rock; seen live; avant-garde; freak folk; new weird america; noise; ambient,high-energy; story-driven; chill; indie/alternative,specialist favorite in sample,http://www.last.fm/music/Animal+Collective
472,3 Doors Down,55,29041,528.0,92,rock; alternative rock; alternative; hard rock; pop rock; romantic; 00s; acoustic; love; male vocalists,high-energy; upbeat; story-driven; indie/alternative; vocal-forward,specialist favorite in sample,http://www.last.fm/music/3+Doors+Down
1242,The Beach Boys,55,22806,414.7,135,60s; classic rock; pop; rock; oldies; summer; surf; amazing; happy; rock n roll,high-energy; upbeat,specialist favorite in sample,http://www.last.fm/music/The+Beach+Boys
456,Jesse McCartney,54,64596,1196.2,62,pop; male vocalists; pop rock; jesse mccartney; american; cute; disney; male vocalist; rnb; addictive,high-energy; upbeat; groove-led; vocal-forward,well represented in sample,http://www.last.fm/music/Jesse+McCartney
1772,Norah Jones,54,34934,646.9,91,jazz; female vocalists; blues; singer-songwriter; chillout; pop; piano; soul; acoustic; easy listening,upbeat; story-driven; groove-led; chill; vocal-forward,specialist favorite in sample,http://www.last.fm/music/Norah+Jones
1632,Metric,54,28106,520.5,105,indie; indie rock; female vocalists; canadian; rock; indie pop; alternative; alternative rock; electronic; fun,high-energy; upbeat; indie/alternative; vocal-forward,specialist favorite in sample,http://www.last.fm/music/Metric
2347,Van Halen,54,20205,374.2,107,hard rock; 80s; rock; classic rock; heavy metal; hair metal; glam metal; 1008; 1978; 1980,high-energy,specialist favorite in sample,http://www.last.fm/music/Van+Halen
554,The Kinks,54,16810,311.3,103,60s; classic rock; rock; british; british invasion; pop; 70s; hard rock; mod; rock and roll,high-energy; upbeat,specialist favorite in sample,http://www.last.fm/music/The+Kinks
923,Children of Bodom,53,70314,1326.7,100,melodic death metal; metal; death metal; finnish; power metal; finland; finnish metal; heavy metal; rock; alexi laiho,high-energy; dark,well represented in sample,http://www.last.fm/music/Children+of+Bodom
728,Eric Clapton,53,19637,370.5,128,classic rock; blues; blues rock; rock; guitar; acoustic; 70s; 90s; ballad; beautiful,high-energy; story-driven; groove-led,specialist favorite in sample,http://www.last.fm/music/Eric+Clapton
898,Tegan and Sara,52,56006,1077.0,89,indie; canadian; indie pop; indie rock; alternative; female vocalists; electronic; pop; rock; 90210,high-energy; upbeat; indie/alternative; vocal-forward,well represented in sample,http://www.last.fm/music/Tegan+and+Sara
204,Damien Rice,52,46061,885.8,101,acoustic; singer-songwriter; indie; folk; male vocalists; piano; beautiful; mellow; sad; alternative,story-driven; indie/alternative; vocal-forward,specialist favorite in sample,http://www.last.fm/music/Damien+Rice
1119,Faith No More,52,37375,718.8,71,rock; alternative rock; alternative; metal; 90s; hard rock; favorite; funk; mike patton; 90s rock,high-energy; groove-led; indie/alternative,specialist favorite in sample,http://www.last.fm/music/Faith+No+More
489,Limp Bizkit,52,27179,522.7,79,nu metal; alternative; rock; metal; rapcore; acoustic; alternative rock; american; ballad; comedy,high-energy; story-driven; indie/alternative; beat-focused,specialist favorite in sample,http://www.last.fm/music/Limp+Bizkit
1414,Paul McCartney,52,25453,489.5,117,classic rock; british; rock; singer-songwriter; christmas; pop; 70s; 80s; acoustic; beautiful,high-energy; upbeat; story-driven,specialist favorite in sample,http://www.last.fm/music/Paul+McCartney
1398,Justice,52,20670,397.5,68,electronic; dance; electro; electronica; french; better than the original; bouncy; but the party dont stop; crazy; disco,upbeat,specialist favorite in sample,http://www.last.fm/music/Justice
2014,Lacuna Coil,52,18911,363.7,60,gothic metal; gothic; metal; female vocalists; female fronted metal; gothic rock; rock; female vocalist; alternative metal; bazarov,high-energy; indie/alternative; dark; vocal-forward,specialist favorite in sample,http://www.last.fm/music/Lacuna+Coil
193,Tears for Fears,52,18280,351.5,116,80s; new wave; british; pop; synthpop; alternative; rock; synth pop; uk; 90s,high-energy; upbeat; indie/alternative,specialist favorite in sample,http://www.last.fm/music/Tears+for+Fears
304,David Archuleta,51,86342,1693.0,46,american idol; pop; male vocalists; cute; david archuleta; love; rnb; 00s; addictive; american,upbeat; groove-led; vocal-forward,well represented in sample,http://www.last.fm/music/David+Archuleta
1803,Mötley Crüe,51,33624,659.3,135,hard rock; 80s; hair metal; heavy metal; rock; glam metal; glam rock; metal; seen live; 1980s,high-energy,specialist favorite in sample,http://www.last.fm/music/M%C3%B6tley+Cr%C3%BCe
251,Whitney Houston,51,32020,627.8,112,female vocalists; soul; rnb; 80s; ballad; pop; 90s; 90's; american; cover,upbeat; groove-led; vocal-forward,specialist favorite in sample,http://www.last.fm/music/Whitney+Houston
1512,The Last Shadow Puppets,51,28029,549.6,68,indie; british; indie rock; rock; alternative; alternative rock; awesome; 0 play yet; acoustic; amazing,high-energy; story-driven; indie/alternative,specialist favorite in sample,http://www.last.fm/music/The+Last+Shadow+Puppets
964,The Mars Volta,51,27175,532.8,99,progressive rock; experimental; alternative; rock; indie; progressive; psychedelic; psychedelic rock; hard rock; seen live,high-energy; indie/alternative,specialist favorite in sample,http://www.last.fm/music/The+Mars+Volta
1515,The Fratellis,51,22756,446.2,74,indie; british; indie rock; rock; alternative; scottish; awesome; british indie; britpop; britrock,high-energy; upbeat; indie/alternative,specialist favorite in sample,http://www.last.fm/music/The+Fratellis
1376,White Lies,51,20674,405.4,82,indie rock; indie; alternative; post-punk; british; alternative rock; rock; acoustic; britpop; epic,high-energy; upbeat; story-driven; indie/alternative,specialist favorite in sample,http://www.last.fm/music/White+Lies
732,Alice Cooper,51,19335,379.1,108,hard rock; classic rock; rock; heavy metal; 70s; shock rock; 80s; glam rock; 90s; alice cooper,high-energy,specialist favorite in sample,http://www.last.fm/music/Alice+Cooper
797,Emily Osment,51,9083,178.1,31,disney; pop; female vocalists; <3; electronic; boom boom supersonic boom; dance; electro pop; fight or flight; fodinha,upbeat; vocal-forward,specialist favorite in sample,http://www.last.fm/music/Emily+Osment
1014,Erasure,50,83206,1664.1,96,80s; electronic; synth pop; synthpop; new wave; british; dance; 90s; pop; remix,upbeat,well represented in sample,http://www.last.fm/music/Erasure
197,Tom Waits,50,41316,826.3,128,blues; experimental; rock; singer-songwriter; folk; alternative; jazz; 70s; 80s; 90s,high-energy; story-driven; groove-led; indie/alternative,specialist favorite in sample,http://www.last.fm/music/Tom+Waits
1206,Misfits,50,32827,656.5,50,punk; punk rock; horror punk; hardcore punk; horrorpunk; 00s; 50s rock revival; 80s; 90s; avant-garde,high-energy,specialist favorite in sample,http://www.last.fm/music/Misfits
604,Kings of Convenience,50,28188,563.8,65,indie; acoustic; chillout; norwegian; indie pop; mellow; piano; singer-songwriter; <3; alternative,upbeat; story-driven; chill; indie/alternative,specialist favorite in sample,http://www.last.fm/music/Kings+of+Convenience
793,Hannah Montana,50,26748,535.0,27,pop; disney; female vocalists; pop rock; soundtrack; amazing; american; disneychannel; female vocalist; great memories with my siss,high-energy; upbeat; cinematic; vocal-forward,specialist favorite in sample,http://www.last.fm/music/Hannah+Montana
250,Bob Marley,50,24482,489.6,54,reggae; 70s; jamaica; jamaican; relax; roots reggae; ska; 60s; all the best; best songs of the 70s,eclectic,specialist favorite in sample,http://www.last.fm/music/Bob+Marley
1151,Editors,50,22321,446.4,141,indie; indie rock; alternative; british; rock; new wave; post-punk; alternative rock; uk; 00s,high-energy; indie/alternative,specialist favorite in sample,http://www.last.fm/music/Editors
830,Atreyu,49,46466,948.3,79,metalcore; screamo; hardcore; metal; rock; alternative metal; emocore; nu metal; post-hardcore; 0 play yet,high-energy; indie/alternative,specialist favorite in sample,http://www.last.fm/music/Atreyu
162,God Is an Astronaut,49,32173,656.6,104,post-rock; instrumental; ambient; experimental; post rock; atmospheric; epic; beautiful; 00s; alternative,high-energy; chill; indie/alternative; cinematic,specialist favorite in sample,http://www.last.fm/music/God+Is+an+Astronaut
3411,M83,49,21065,429.9,109,electronic; shoegaze; indie; electronica; post-rock; ambient; alternative; amazing; beautiful; dream pop,high-energy; upbeat; chill; indie/alternative,specialist favorite in sample,http://www.last.fm/music/M83
1447,Lady Antebellum,49,20760,423.7,40,country; pop; beautiful; country pop; female vocalists; love; love songs; modern country; 00s; american,upbeat; story-driven; vocal-forward,specialist favorite in sample,http://www.last.fm/music/Lady+Antebellum
180,Roxette,49,20046,409.1,85,80s; pop; rock; 90s; female vocalists; mellow; roxette; swedish; <3; 1992,high-energy; upbeat; vocal-forward,specialist favorite in sample,http://www.last.fm/music/Roxette
99,INXS,49,18793,383.5,111,80s; rock; new wave; alternative; australian; pop; 90s; alternative rock; epic; favourites,high-energy; upbeat; indie/alternative,specialist favorite in sample,http://www.last.fm/music/INXS
506,Anathema,48,35700,743.8,62,doom metal; progressive metal; atmospheric; progressive rock; metal; melancholic; acoustic; ambient; anathema; atmospheric rock,high-energy; story-driven; chill; dark,specialist favorite in sample,http://www.last.fm/music/Anathema
1195,Alexisonfire,48,34637,721.6,38,post-hardcore; screamo; hardcore; emo; emocore; canadian; cover; melodic hardcore; not emo; post-ironic beardcore,high-energy,specialist favorite in sample,http://www.last.fm/music/Alexisonfire
1378,Jimmy Eat World,48,30983,645.5,85,alternative; alternative rock; rock; emo; indie; indie rock; seen live; one tree hill; pop punk; punk,high-energy; upbeat; indie/alternative,specialist favorite in sample,http://www.last.fm/music/Jimmy+Eat+World
389,Enya,48,25020,521.3,95,new age; ambient; female vocalists; celtic; chillout; female; irish; ethereal; mellow; pop,upbeat; chill; vocal-forward,specialist favorite in sample,http://www.last.fm/music/Enya
1091,AFI,48,23154,482.4,68,punk; alternative; punk rock; emo; rock; american; alternative rock; indie; 00s; 80s,high-energy; indie/alternative,specialist favorite in sample,http://www.last.fm/music/AFI
167,Scissor Sisters,47,49521,1053.6,73,dance; pop; electronic; alternative; gay; glam; indie; glam rock; seen live; 00s,high-energy; upbeat; indie/alternative,specialist favorite in sample,http://www.last.fm/music/Scissor+Sisters
1684,Aly & AJ,46,51641,1122.6,89,disney; female vocalists; pop; pop rock; amazing; american; rock; aj; aly; aly and aj,high-energy; upbeat; vocal-forward,well represented in sample,http://www.last.fm/music/Aly%2B%2526%2BAJ
493,Lostprophets,46,46295,1006.4,81,alternative; rock; alternative rock; emo; metal; seen live; 00s; awesome; awesomeness; bouncy,high-energy; indie/alternative,specialist favorite in sample,http://www.last.fm/music/Lostprophets
470,nevershoutnever!,46,43710,950.2,63,acoustic; indie; powerpop; pop; cute; indie pop; male vocalists; <3; acoustic rock; alternative,high-energy; upbeat; story-driven; indie/alternative; vocal-forward,specialist favorite in sample,http://www.last.fm/music/nevershoutnever%21
815,Killswitch Engage,46,40428,878.9,72,metalcore; metal; hardcore; melodic death metal; rock; melodic metalcore; alternative metal; cm punk; death metal; hard rock,high-energy; indie/alternative; dark,specialist favorite in sample,http://www.last.fm/music/Killswitch+Engage
360,Shania Twain,46,33380,725.7,82,country; female vocalists; pop; 90s; dance; love songs; <3; 90's; canadian; shania twain,upbeat; story-driven; vocal-forward,specialist favorite in sample,http://www.last.fm/music/Shania+Twain
383,Bad Religion,46,31078,675.6,47,punk; punk rock; rock; alternative; hardcore; 90s; political; seen live; american; classic,high-energy; indie/alternative,specialist favorite in sample,http://www.last.fm/music/Bad+Religion
1179,Billy Talent,46,31048,675.0,65,punk rock; alternative rock; rock; alternative; punk; canadian; awesome; 00s; 2006; 2009,high-energy; indie/alternative,specialist favorite in sample,http://www.last.fm/music/Billy+Talent
957,Blind Guardian,46,30095,654.2,63,power metal; heavy metal; speed metal; metal; symphonic metal; epic metal; german; 80s; bazarov; blind guardian,high-energy,specialist favorite in sample,http://www.last.fm/music/Blind+Guardian
734,Bruce Springsteen,46,23472,510.3,87,classic rock; rock; singer-songwriter; 80s; folk; 70s; sad; 1980; 1984; 1987,high-energy; story-driven,specialist favorite in sample,http://www.last.fm/music/Bruce+Springsteen
1866,Yellowcard,46,20893,454.2,50,rock; punk rock; pop punk; punk; alternative; alternative rock; 00s; american; colors; cool as,high-energy; upbeat; indie/alternative,specialist favorite in sample,http://www.last.fm/music/Yellowcard
1873,Audioslave,46,18727,407.1,100,rock; alternative rock; alternative; hard rock; grunge; post-grunge; 00s; 90s; albums i own; alternative metal,high-energy; indie/alternative,specialist favorite in sample,http://www.last.fm/music/Audioslave
1145,Stone Sour,46,17862,388.3,91,metal; hard rock; nu metal; alternative metal; rock; acoustic; alternative; american; heavy metal; nu-metal,high-energy; story-driven; indie/alternative,specialist favorite in sample,http://www.last.fm/music/Stone+Sour
1418,Mogwai,46,17626,383.2,86,post-rock; instrumental; indie; alternative; ambient; electronic; experimental; indie rock; post rock; rock,high-energy; upbeat; chill; indie/alternative; cinematic,specialist favorite in sample,http://www.last.fm/music/Mogwai
2176,Michael Bublé,46,13813,300.3,63,jazz; swing; pop; canadian; classical; male vocalists; blues; chillout; cover; easy listening,upbeat; groove-led; chill; cinematic; vocal-forward,specialist favorite in sample,http://www.last.fm/music/Michael+Bubl%C3%A9
527,Lil' Wayne,45,50645,1125.4,61,rap; hip-hop; hip hop; assertive; banger; beast; catchy; cool; crazy; crunk,beat-focused,well represented in sample,http://www.last.fm/music/Lil%27+Wayne
1705,Hans Zimmer,45,31254,694.5,62,soundtrack; instrumental; classical; composer; amazing; ambient; beautiful; breathtaking; chef musinum; choral,chill; cinematic,specialist favorite in sample,http://www.last.fm/music/Hans+Zimmer
1097,Patrick Wolf,45,31086,690.8,114,indie; singer-songwriter; alternative; electronic; british; folk; experimental; male vocalists; piano; amazing,upbeat; story-driven; indie/alternative; vocal-forward,specialist favorite in sample,http://www.last.fm/music/Patrick+Wolf
371,Skillet,45,30524,678.3,71,alternative; christian rock; alternative rock; rock; christian; alternative metal; awesome; jesus; <3; american,high-energy; indie/alternative,specialist favorite in sample,http://www.last.fm/music/Skillet
485,Kelis,45,25380,564.0,67,rnb; dance; hip-hop; electronic; female vocalists; pop; soul; rap; 2010; alternative,upbeat; groove-led; indie/alternative; beat-focused; vocal-forward,specialist favorite in sample,http://www.last.fm/music/Kelis
2080,NX Zero,45,19046,423.2,35,emo; hardcore; rock; brazilian; alternative rock; brazilian rock; brincando de ser taking back sunday; emocore; pop rock; brasil,high-energy; upbeat; indie/alternative,specialist favorite in sample,http://www.last.fm/music/NX+Zero
858,PJ Harvey,45,18706,415.7,129,female vocalists; alternative; singer-songwriter; indie; rock; alternative rock; british; indie rock; 90s; post-punk,high-energy; story-driven; indie/alternative; vocal-forward,specialist favorite in sample,http://www.last.fm/music/PJ+Harvey
985,Blondie,45,18041,400.9,124,new wave; 80s; pop; female vocalists; 70s; rock; seen live; alternative; punk; 90s,high-energy; upbeat; indie/alternative; vocal-forward,specialist favorite in sample,http://www.last.fm/music/Blondie
1155,Hot Chip,45,17092,379.8,112,electronic; indie; electronica; british; electropop; electro; dance; indie rock; seen live; alternative,high-energy; upbeat; indie/alternative,specialist favorite in sample,http://www.last.fm/music/Hot+Chip
1073,Kraftwerk,45,16706,371.2,146,electronic; electro; german; synthpop; electronica; 70s; dance; experimental; seen live; 80s,upbeat,specialist favorite in sample,http://www.last.fm/music/Kraftwerk
1110,Rush,44,34641,787.3,86,progressive rock; classic rock; rock; 70s; 80s; hard rock; canadian; progressive; seen live; 70ss,high-energy,specialist favorite in sample,http://www.last.fm/music/Rush
547,Kid Cudi,44,32234,732.6,41,rap; hip-hop; hip hop; amazing; 2008; 90210; american; dance; experimental; fantastic vocal,upbeat; beat-focused; vocal-forward,specialist favorite in sample,http://www.last.fm/music/Kid+Cudi
986,Frank Sinatra,44,28125,639.2,68,jazz; swing; oldies; male vocalists; american; easy listening; 50s; christmas; pop; soundtrack,upbeat; groove-led; cinematic; vocal-forward,specialist favorite in sample,http://www.last.fm/music/Frank+Sinatra
450,She Wants Revenge,44,16857,383.1,41,indie; alternative; post-punk; darkwave; indie rock; new wave; covers; seen live; alternative rock; complete sentences,high-energy; indie/alternative; dark,specialist favorite in sample,http://www.last.fm/music/She+Wants+Revenge
2605,Bonobo,44,14601,331.8,76,downtempo; trip-hop; chillout; ninja tune; lounge; acid jazz; ambient; electronic; abstract hip-hop; chill,upbeat; groove-led; chill; beat-focused,specialist favorite in sample,http://www.last.fm/music/Bonobo
195,Bright Eyes,43,113631,2642.6,89,indie; folk; acoustic; singer-songwriter; indie rock; alternative; love; mellow; rock; beautiful,high-energy; story-driven; indie/alternative,well represented in sample,http://www.last.fm/music/Bright+Eyes
1541,The Devil Wears Prada,43,90154,2096.6,33,metalcore; screamo; hardcore; christian; christian metalcore; death metal; death metalcore; deathcore; fromhell; melodic metal,high-energy; dark,well represented in sample,http://www.last.fm/music/The+Devil+Wears+Prada
1673,Tokio Hotel,43,65344,1519.6,77,rock; pop rock; alternative; pop; emo; german; alternative rock; pop punk; punk; <3,high-energy; upbeat; indie/alternative,well represented in sample,http://www.last.fm/music/Tokio+Hotel
2850,Underoath,43,51988,1209.0,74,screamo; hardcore; post-hardcore; metalcore; christian; emo; rock; alternative; awesome; black metal,high-energy; indie/alternative; dark,well represented in sample,http://www.last.fm/music/Underoath
524,Jeffree Star,43,46370,1078.4,43,electronic; dance; electro; electronica; glam; techno; 00s; amazing; american; beauty killer,upbeat,specialist favorite in sample,http://www.last.fm/music/Jeffree+Star
77,George Michael,43,29944,696.4,85,pop; 80s; 90s; dance; sexy; soul; british; christmas; gay; love songs,upbeat; groove-led,specialist favorite in sample,http://www.last.fm/music/George+Michael
1983,The Knife,43,28956,673.4,72,electronic; synthpop; swedish; electro; indie; dance; experimental; female vocalists; sexy; alternative,upbeat; indie/alternative; vocal-forward,specialist favorite in sample,http://www.last.fm/music/The+Knife
1274,Sepultura,43,24811,577.0,80,thrash metal; heavy metal; metal; death metal; brazilian; seen live; groove metal; 80s; 90s; baixar,high-energy; dark,specialist favorite in sample,http://www.last.fm/music/Sepultura
1083,Siouxsie and the Banshees,43,23851,554.7,134,post-punk; 80s; new wave; punk; alternative; goth; gothic; female vocalists; british; rock,high-energy; indie/alternative; dark; vocal-forward,specialist favorite in sample,http://www.last.fm/music/Siouxsie+and+the+Banshees
308,Kat DeLuna,43,20231,470.5,29,rnb; hip-hop; pop; dance; female; kat deluna; sexy; beat from dominicana; depre music; female vocalists,upbeat; groove-led; vocal-forward,specialist favorite in sample,http://www.last.fm/music/Kat+DeLuna
997,The Human League,43,19603,455.9,178,new wave; 80s; synthpop; synth pop; electronic; new romantic; british; 90s; alternative; english,upbeat; indie/alternative,specialist favorite in sample,http://www.last.fm/music/The+Human+League
1580,Paris Hilton,43,13461,313.0,68,pop; dance; female vocalists; <3; brutal death metal; female vocalist; guilty pleasure; sexy; 00s; 2006,high-energy; upbeat; dark; vocal-forward,specialist favorite in sample,http://www.last.fm/music/Paris+Hilton
1456,Far East Movement,43,11374,264.5,27,electronic; dance; hip-hop; electro hop; pop; rap; <3; 2010; catchy; fun,upbeat; beat-focused,specialist favorite in sample,http://www.last.fm/music/Far+East+Movement
813,As I Lay Dying,42,61163,1456.3,43,metalcore; hardcore; christian; melodic death metal; metal; christian metalcore; as i lay dying; death metal; electronic; fromhell,high-energy; upbeat; dark,well represented in sample,http://www.last.fm/music/As+I+Lay+Dying
3859,Daughtry,42,41447,986.8,50,alternative rock; rock; alternative; american idol; hard rock; christian; christian rock; male vocalists; american; american idol 5,high-energy; indie/alternative; vocal-forward,specialist favorite in sample,http://www.last.fm/music/Daughtry
1072,Martin L. Gore,42,39658,944.2,108,electronic; synthpop; british; new wave; synth pop; alternative; depeche mode; 80s; singer-songwriter; 00s,upbeat; story-driven; indie/alternative,specialist favorite in sample,http://www.last.fm/music/Martin+L.+Gore
1185,Alesana,42,35258,839.5,68,post-hardcore; screamo; hardcore; emocore; emo; awesome; 00s; acoustic; alternative; beautiful,high-energy; story-driven; indie/alternative,specialist favorite in sample,http://www.last.fm/music/Alesana
223,Band of Horses,42,30543,727.2,53,indie; rock; alternative; folk; indie rock; dream pop; indie folk; the vampire diaries; acoustic; alt-country,high-energy; upbeat; story-driven; indie/alternative,specialist favorite in sample,http://www.last.fm/music/Band+of+Horses
1451,Girlicious,42,27570,656.4,30,pop; dance; rnb; bitches; <3; amazing; female vocalists; girl group; girls; grupo feminimo,upbeat; groove-led; vocal-forward,specialist favorite in sample,http://www.last.fm/music/Girlicious
437,She & Him,42,25748,613.0,68,indie; folk; singer-songwriter; female vocalists; indie pop; love at first listen; alternative; fun; 00s; 2008,upbeat; story-driven; indie/alternative; vocal-forward,specialist favorite in sample,http://www.last.fm/music/She%2B%2526%2BHim
1409,Calvin Harris,42,23497,559.5,74,dance; electronic; disco; electro; electronica; pop; 00s; british; indie; scottish,upbeat; indie/alternative,specialist favorite in sample,http://www.last.fm/music/Calvin+Harris
1394,The Chemical Brothers,42,21169,504.0,108,electronic; techno; dance; electronica; big beat; trance; trip-hop; alternative; british; chillout,upbeat; chill; indie/alternative; beat-focused,specialist favorite in sample,http://www.last.fm/music/The+Chemical+Brothers
1410,Pendulum,42,19783,471.0,34,electronic; electronica; drum and bass; dnb; drum n bass; dance; electro; electro house; favorite songs; seen live,upbeat,specialist favorite in sample,http://www.last.fm/music/Pendulum
915,Alexandra Burke,42,19328,460.2,27,pop; rnb; soul; cover; female vocalists; 2010; ballad; british; guilty pleasure; hellcats,upbeat; groove-led; vocal-forward,specialist favorite in sample,http://www.last.fm/music/Alexandra+Burke
237,Thom Yorke,42,17674,420.8,64,electronic; alternative; experimental; indie; singer-songwriter; british; electronica; indietronica; piano; sad,upbeat; story-driven; indie/alternative,specialist favorite in sample,http://www.last.fm/music/Thom+Yorke
3201,Kate Bush,42,17408,414.5,64,female vocalists; 80s; alternative; pop; singer-songwriter; british; experimental; piano; progressive rock; rock,high-energy; upbeat; story-driven; indie/alternative; vocal-forward,specialist favorite in sample,http://www.last.fm/music/Kate+Bush
471,Metro Station,42,16155,384.6,63,electronic; dance; powerpop; electronica; indie; pop; alternative; best of 2008; catchy; catchy as hell,upbeat; indie/alternative,specialist favorite in sample,http://www.last.fm/music/Metro+Station
2787,Whitesnake,42,14523,345.8,61,hard rock; classic rock; 80s; rock; hair metal; 70s; 1981; 1984; 1987; 1989,high-energy,specialist favorite in sample,http://www.last.fm/music/Whitesnake
712,Dire Straits,42,13640,324.8,89,classic rock; rock; 80s; 70s; blues; blues rock; guitar; soft rock; 1337 guitar players; 70ss,high-energy; groove-led,specialist favorite in sample,http://www.last.fm/music/Dire+Straits
96,Fleetwood Mac,42,12008,285.9,47,classic rock; 70s; rock; 80s; blues; blues rock; 1969; 60s; 80's; adult contemporary,high-energy; groove-led,specialist favorite in sample,http://www.last.fm/music/Fleetwood+Mac
1426,The Jimi Hendrix Experience,42,11484,273.4,62,classic rock; blues; psychedelic rock; rock; 60s; psychedelic; guitar virtuoso; blues rock; funk; hard rock,high-energy; groove-led,specialist favorite in sample,http://www.last.fm/music/The+Jimi+Hendrix+Experience
63,Enigma,41,77046,1879.2,92,ambient; new age; chillout; electronic; electronica; relax; sex; 1991; 90s; alternative,upbeat; chill; indie/alternative,well represented in sample,http://www.last.fm/music/Enigma
693,Hey Monday,41,27941,681.5,46,pop punk; female vocalists; pop rock; powerpop; female vocalist; rock; indie pop; punk; alternative; alternative rock,high-energy; upbeat; indie/alternative; vocal-forward,specialist favorite in sample,http://www.last.fm/music/Hey+Monday
545,Flo Rida,41,26168,638.2,50,hip-hop; hip hop; rap; dance; dirty south; pop; rnb; <3; 2010; 4m4zinq,upbeat; groove-led; beat-focused,specialist favorite in sample,http://www.last.fm/music/Flo+Rida
998,Orchestral Manoeuvres in the Dark,41,22584,550.8,102,new wave; 80s; synthpop; electronic; synth pop; new romantic; 80s pop; british; 1008; alternative,upbeat; indie/alternative,specialist favorite in sample,http://www.last.fm/music/Orchestral+Manoeuvres+in+the+Dark
2786,Janis Joplin,41,18578,453.1,119,classic rock; blues; female vocalists; 60s; rock; blues rock; singer-songwriter; 70s; american; blues-rock,high-energy; story-driven; groove-led; vocal-forward,specialist favorite in sample,http://www.last.fm/music/Janis+Joplin
